audio_norm,video_norm,au_norm,au_dynamic_norm,emotion
3562.6282,22.116379,11.683195,16.646814,Neutral
3623.5198,22.340864,11.556435,17.573078,Neutral
3926.512,22.34756,11.002901,17.230204,Neutral
3766.0781,22.794838,11.516229,16.357544,Neutral
3709.6047,23.054907,11.411527,17.68374,Calm
3106.6196,22.715887,10.220422,16.155775,Calm
3779.2302,23.603983,12.292879,19.127777,Calm
3933.9917,22.458921,11.48289,17.450228,Calm
3563.941,21.922113,9.8021345,14.831764,Calm
3711.4512,22.899942,10.938768,16.880972,Calm
4077.1057,22.220284,10.861748,17.096422,Calm
3805.2292,22.735931,11.209353,18.442175,Calm
3942.537,21.760971,16.486162,25.021812,Happy
3643.7014,21.40973,16.09866,26.74646,Happy
3658.1445,21.023424,15.986263,25.680868,Happy
4333.374,20.963728,14.618491,22.549116,Happy
4262.1514,20.300535,17.778551,27.058859,Happy
3887.2783,20.520039,17.986282,29.650509,Happy
4577.5854,21.00457,17.272058,28.760963,Happy
4440.4907,20.167166,19.739311,28.0457,Happy
3611.3862,20.386106,8.46576,13.435023,Sad
3436.9995,21.729027,9.804764,15.2397585,Sad
2950.51,22.243706,9.317998,14.547888,Sad
3341.2825,21.096596,10.244805,15.465726,Sad
4017.5786,21.554987,9.864798,16.24883,Sad
3408.6917,20.769087,14.58301,22.382729,Sad
3591.6182,21.811386,11.533906,17.448162,Sad
3567.533,21.560778,8.786585,13.544483,Sad
4501.0347,22.032108,10.966625,15.379402,Angry
4558.9956,22.460335,12.562603,16.21908,Angry
4301.5044,21.514803,8.821358,13.492496,Angry
4525.2305,19.941227,11.042384,16.234816,Angry
4976.3193,19.68549,15.440694,20.632925,Angry
5376.9272,18.00602,15.983866,20.318478,Angry
5345.587,20.532907,16.854841,22.80495,Angry
5986.917,19.65658,18.051702,26.402029,Angry
3961.426,19.481833,8.951344,12.134256,Fearful
4238.4546,21.724718,11.831999,19.247324,Fearful
3816.3638,19.438345,7.2254195,11.090141,Fearful
4196.9565,20.253925,6.494253,10.352284,Fearful
5361.399,18.960377,10.715844,16.169672,Fearful
4759.4697,20.956055,14.988428,20.07532,Fearful
4778.1733,18.599695,7.9954953,11.84499,Fearful
4509.527,21.153187,9.382356,13.258254,Fearful
4112.455,20.505907,18.853493,29.826715,Disgust
4142.6475,19.94057,20.238737,31.906286,Disgust
3820.9824,20.771393,17.45294,29.037325,Disgust
4073.1963,21.351475,17.39164,28.807243,Disgust
4799.636,19.496647,20.631786,31.985647,Disgust
4959.7705,19.94439,19.902248,32.01163,Disgust
4221.3384,18.34958,18.700855,29.85126,Disgust
4865.162,20.012215,20.123684,32.427296,Disgust
3183.2134,20.91289,7.007569,11.2558365,Surprised
2893.676,20.366947,8.459844,11.944836,Surprised
4021.4812,19.714924,10.967809,16.497932,Surprised
2973.796,21.306509,7.820322,10.820679,Surprised
3035.1108,21.592941,7.720174,12.277589,Surprised
3530.54,20.773561,8.608052,11.393839,Surprised
3319.177,19.894897,6.8774104,8.995602,Surprised
3323.6987,20.550936,8.394403,11.51265,Surprised
4212.298,19.686392,9.600626,14.043107,Neutral
4340.007,19.908688,9.257749,12.491541,Neutral
4409.7983,19.215195,9.990097,14.780175,Neutral
4486.023,19.234873,10.018981,14.902843,Neutral
4541.8364,20.838358,11.046242,16.08171,Calm
4072.2083,20.878532,10.982638,16.413803,Calm
4223.8096,20.869087,10.693873,16.35715,Calm
4595.5493,20.98193,10.278542,15.61655,Calm
4704.536,20.497759,12.089718,18.487123,Calm
4307.537,20.132805,10.307318,14.133841,Calm
4896.4434,20.038439,10.319359,15.168417,Calm
4314.0537,20.09524,10.014483,14.922603,Calm
4753.208,21.030714,14.750759,22.161366,Happy
4758.579,20.851011,14.502455,22.34427,Happy
4546.95,20.780825,15.463818,23.2906,Happy
4855.5615,20.89517,14.428115,22.145784,Happy
4281.9746,21.526257,16.732765,27.063337,Happy
4415.9272,21.493074,17.718502,28.693985,Happy
4719.0073,20.872366,16.3147,26.202696,Happy
4460.481,21.221382,16.641045,26.586565,Happy
3884.3738,20.006887,9.455333,13.301165,Sad
3814.065,19.647898,10.456758,14.673972,Sad
4189.7656,19.46203,9.002511,13.484391,Sad
4089.0745,19.24818,9.321326,13.16747,Sad
4289.8584,20.975527,10.621954,15.526523,Sad
4349.418,20.045326,10.506241,14.688638,Sad
3961.041,19.964123,10.06951,14.85577,Sad
4185.1245,20.526676,11.090065,16.73127,Sad
4335.0464,21.69724,14.381691,21.005728,Angry
4520.1504,20.086878,10.4853945,15.610727,Angry
4483.9976,20.973486,13.07882,19.08214,Angry
4643.601,20.716324,12.842449,19.32075,Angry
4546.5684,21.999748,14.270539,20.878435,Angry
4606.9736,20.962917,13.868289,20.143856,Angry
4578.9624,20.363907,14.173995,21.27349,Angry
4694.6387,20.877068,13.211902,19.89031,Angry
4576.018,20.715336,8.736575,12.686719,Fearful
4949.8804,21.039633,9.317277,14.085671,Fearful
5191.389,20.31006,9.011528,14.045478,Fearful
5269.8706,21.026508,8.43366,12.453683,Fearful
5067.6885,20.820646,10.381322,15.799299,Fearful
4668.6724,21.631342,8.598453,13.345053,Fearful
5118.6885,21.225315,9.453487,14.354451,Fearful
5368.1113,21.227236,10.067677,15.783187,Fearful
4072.16,20.714386,15.408596,21.429073,Disgust
4202.9673,20.948689,15.94533,23.582642,Disgust
4181.968,21.153837,19.714813,29.788605,Disgust
4243.2944,21.235434,16.490883,25.46751,Disgust
4519.299,21.133198,16.677416,25.468224,Disgust
4701.8647,22.042683,17.387545,26.169685,Disgust
4389.7173,21.405188,17.797792,26.581596,Disgust
4846.206,21.734074,18.652151,28.858816,Disgust
4388.876,19.783684,9.250741,14.535151,Surprised
4501.89,20.379454,7.8247213,11.182605,Surprised
4605.2827,19.925022,7.942817,11.849147,Surprised
4515.9775,20.43523,7.25767,10.965626,Surprised
4679.8853,20.461786,7.629774,11.452588,Surprised
4883.6357,20.224743,8.593352,12.148104,Surprised
4678.992,20.076136,7.915858,11.645733,Surprised
4836.333,19.907097,7.8918743,10.791291,Surprised
3824.8953,20.030401,7.7574224,10.87785,Neutral
4268.3735,20.21384,8.210104,11.707638,Neutral
4273.375,20.447739,7.5724277,11.242789,Neutral
4663.905,20.352615,7.0308056,10.784269,Neutral
4020.6833,20.400654,7.0178947,10.422192,Calm
3906.0647,19.820118,7.916516,11.287192,Calm
4714.287,20.516237,13.744311,22.356323,Calm
4499.7227,20.394129,11.66482,18.232737,Calm
4337.792,20.226686,10.280691,16.597672,Calm
4525.9844,20.137917,9.551782,15.543518,Calm
4583.467,19.696125,11.089114,17.840578,Calm
4651.3447,19.14826,10.242521,16.921244,Calm
4448.143,20.178017,13.829502,22.951801,Happy
4439.3237,19.622946,14.227389,23.533306,Happy
4253.8604,20.523638,14.180989,23.178865,Happy
3816.333,20.228802,12.922431,21.352865,Happy
5100.533,20.059753,14.37097,23.794432,Happy
4965.132,19.656107,14.4217205,23.452747,Happy
4963.1235,19.395708,13.960183,23.866173,Happy
5005.916,20.52494,16.38662,26.322443,Happy
3904.267,21.306114,11.510486,16.043232,Sad
3392.364,19.624088,10.1083555,15.221901,Sad
3960.1584,19.645906,6.924979,10.545991,Sad
3984.0537,19.7827,7.9689326,12.538402,Sad
4370.7925,21.216759,15.924798,24.972746,Sad
4609.085,19.939787,13.151099,21.59049,Sad
4066.7625,19.38609,15.224475,22.933157,Sad
3690.8079,20.283953,17.067148,27.412663,Sad
4765.871,19.687162,8.412523,11.858957,Angry
4653.505,19.751457,10.449362,15.132861,Angry
4519.495,19.675196,7.2921176,10.883776,Angry
4547.9995,19.543623,10.424983,13.989693,Angry
5269.872,18.719799,12.879042,19.092464,Angry
5135.835,18.849817,11.509531,16.314688,Angry
5039.984,18.654026,13.089764,19.159134,Angry
5259.4487,18.875788,15.312739,22.340488,Angry
4321.3945,19.37253,6.1465507,9.093629,Fearful
4216.015,19.734938,7.7098036,10.392461,Fearful
4379.139,18.231974,6.3738766,8.935721,Fearful
4210.269,18.678034,7.295752,9.0752945,Fearful
3907.5784,19.676094,8.257061,11.854299,Fearful
4634.7646,20.114252,11.623093,17.22471,Fearful
4662.4106,19.36818,8.359082,12.102233,Fearful
4570.1895,19.336864,8.4773655,13.018659,Fearful
4835.0977,19.172417,17.697628,29.419792,Disgust
4583.027,18.539827,16.81557,26.156748,Disgust
4874.177,18.727243,17.572039,28.01379,Disgust
4765.6987,18.508871,16.67893,27.461706,Disgust
4609.6055,18.976786,13.8248205,20.094381,Disgust
4868.781,18.561657,17.949175,29.083012,Disgust
4494.851,18.916193,16.215675,24.7301,Disgust
5179.167,19.40813,18.509045,30.271582,Disgust
3686.2034,21.135588,9.317912,14.054587,Surprised
4012.2588,21.223658,13.539807,19.449144,Surprised
3855.0076,20.844566,9.947153,13.903875,Surprised
3919.9233,21.143536,12.947511,19.290958,Surprised
3883.7478,19.283932,7.66151,11.7224045,Surprised
3893.8972,19.381071,7.388707,10.636403,Surprised
4019.6614,20.081825,9.881299,13.960961,Surprised
3796.3086,19.873545,6.077468,9.160367,Surprised
3889.9053,19.721031,9.811687,14.769025,Neutral
4132.4336,19.995165,10.158206,15.109123,Neutral
3746.0498,19.293077,8.825056,13.30734,Neutral
3828.4463,19.601416,7.8768935,12.218754,Neutral
4218.0537,21.219872,15.475771,22.205074,Calm
4199.6436,20.941685,13.771422,20.648355,Calm
3990.5034,20.649271,13.564886,19.10552,Calm
4433.549,20.97008,14.737502,19.149971,Calm
4285.9937,19.927057,9.929265,14.490132,Calm
4607.9644,20.649328,14.647223,21.77233,Calm
4442.5786,20.84621,14.6728945,21.713467,Calm
4528.2803,20.628473,12.903909,20.410763,Calm
3874.303,22.087896,15.241103,23.826176,Happy
3966.8638,20.762815,16.951181,26.86785,Happy
4222.6987,20.089113,16.930405,26.23207,Happy
3940.1516,20.44183,16.904152,27.926575,Happy
4646.7275,21.494358,15.305699,23.914373,Happy
4277.163,20.266983,15.5766,21.412125,Happy
4546.8545,21.827688,17.119478,26.438616,Happy
5302.738,21.221966,15.928777,26.030823,Happy
4559.2505,17.904932,8.570137,12.030368,Sad
4238.8604,18.241037,9.473918,14.371808,Sad
4331.074,19.58047,10.733316,14.687288,Sad
4568.642,20.169779,12.374666,17.02941,Sad
4517.3105,20.115917,13.731015,22.121962,Sad
5000.1797,20.676737,12.798561,19.322517,Sad
4779.9487,19.840214,13.95809,21.637907,Sad
4948.446,20.445755,13.790409,21.659058,Sad
4480.278,19.643276,10.461361,15.199069,Angry
4353.06,19.93681,9.881406,14.294555,Angry
4375.1113,19.91737,8.966215,13.3906975,Angry
4666.2563,18.598892,10.929238,15.620142,Angry
4764.975,18.248228,11.576969,17.207617,Angry
4738.074,19.26253,11.457769,15.900551,Angry
5235.191,20.675549,11.615914,16.57059,Angry
5132.947,19.630491,11.272425,15.899119,Angry
4386.233,19.057251,8.744763,11.661433,Fearful
4584.53,17.616137,7.903951,11.274113,Fearful
4312.5723,19.04593,8.207137,11.258963,Fearful
4357.81,17.57106,6.587,9.249881,Fearful
5369.3105,18.858128,9.802509,12.648391,Fearful
4355.976,18.3859,8.64974,11.7383,Fearful
4466.8477,18.533998,8.11818,11.322775,Fearful
4892.01,17.998083,9.004366,12.6220455,Fearful
4267.3086,20.957476,10.561924,15.814219,Disgust
4511.8955,22.001192,13.819096,21.8544,Disgust
4754.935,20.729765,13.48417,19.00597,Disgust
5011.932,21.216602,16.52013,25.105795,Disgust
4539.7065,20.773865,10.43774,15.217553,Disgust
4794.05,19.202438,11.867251,17.394276,Disgust
4862.0234,22.0391,13.341449,20.265137,Disgust
4744.347,21.60964,15.548242,24.472698,Disgust
4493.0005,17.37722,7.3978524,10.520316,Surprised
4135.649,18.756062,9.411227,13.107641,Surprised
4459.319,18.702335,6.946357,9.638052,Surprised
4270.4736,19.081678,8.301998,11.5432415,Surprised
4425.72,18.320301,9.331182,11.967299,Surprised
4578.2373,19.927206,10.472541,14.460418,Surprised
4333.1543,19.271746,9.1149435,13.444968,Surprised
4252.5,17.719292,8.12965,11.206196,Surprised
4288.8765,19.153954,5.868121,8.713044,Neutral
4357.93,19.22266,6.835153,9.987946,Neutral
4214.837,19.123274,5.3162737,8.343207,Neutral
4367.023,19.213173,6.104015,9.696021,Neutral
4474.844,19.673698,13.044573,17.242115,Calm
4607.5264,20.001522,7.9821844,12.285519,Calm
4666.428,19.471745,9.657343,14.447096,Calm
4834.0596,19.80821,9.300663,14.48565,Calm
5009.861,19.181694,11.2670555,17.048254,Calm
5035.5117,19.427856,9.00472,12.709163,Calm
4940.2793,19.187586,9.844608,14.155505,Calm
4805.231,19.589285,8.386099,12.489457,Calm
4725.603,18.69918,15.803506,21.894882,Happy
4048.4941,20.50465,13.315933,21.704113,Happy
4546.1997,19.863186,15.364193,23.580887,Happy
4395.742,20.773684,15.112622,24.806194,Happy
4715.4546,19.995981,12.722609,19.144426,Happy
4569.7407,19.958447,14.705695,23.1667,Happy
4310.7866,19.28749,15.603241,26.11774,Happy
4346.8916,19.42925,13.627241,22.330292,Happy
4172.9463,19.13366,5.881236,8.357777,Sad
4355.542,18.77703,4.8390036,7.016229,Sad
4239.9453,18.924992,6.104439,9.204873,Sad
4410.2407,18.662624,5.1756463,7.612106,Sad
4481.532,18.948818,5.649892,8.804976,Sad
4249.39,20.409443,7.062463,11.135196,Sad
4408.5063,19.349697,5.840658,8.503668,Sad
4031.0686,20.389746,6.4522715,10.093486,Sad
4463.352,20.91509,5.0313945,7.4328833,Angry
4621.378,19.539324,10.400525,14.698858,Angry
4467.0605,20.75361,4.875016,6.838972,Angry
4831.359,20.31484,7.096928,10.415606,Angry
4463.5015,18.667822,11.647261,15.354198,Angry
4872.792,19.722607,6.4797053,9.179858,Angry
4949.3853,18.921906,7.7036076,11.052644,Angry
4556.478,18.767447,10.121267,13.848801,Angry
4196.4673,18.73601,4.172709,6.049858,Fearful
4314.048,19.086445,4.380536,6.6877246,Fearful
4311.533,18.972578,4.6581383,6.6950383,Fearful
4066.7107,19.055784,3.9967184,6.024466,Fearful
4033.9927,17.720898,4.1240706,5.938958,Fearful
4444.5728,18.369888,5.554577,8.151012,Fearful
4094.2969,17.52467,7.1554213,10.086925,Fearful
4246.8896,18.50699,8.467066,11.510867,Fearful
5037.062,19.471327,8.844337,14.034499,Disgust
5186.0645,19.11616,8.322921,12.609255,Disgust
4781.0605,19.521051,8.886112,13.582357,Disgust
4781.5933,19.928473,9.0022335,13.477884,Disgust
4922.4146,18.782408,12.172253,18.799967,Disgust
4853.6016,19.443584,10.727519,15.667217,Disgust
4926.795,21.035711,12.487275,20.74307,Disgust
4716.8267,19.485722,11.512937,17.946499,Disgust
4545.2485,18.192411,5.3571105,7.7584352,Surprised
4540.007,18.469833,4.3667927,6.4283853,Surprised
4190.4775,17.727837,7.8303847,11.119265,Surprised
4287.846,18.892057,8.5771265,12.970602,Surprised
4985.7163,17.545977,4.0564666,5.9572625,Surprised
4656.5786,18.115988,8.399674,11.617543,Surprised
4654.5283,18.480904,8.10623,11.439064,Surprised
4378.787,17.918617,7.3664207,10.279193,Surprised
4310.8516,20.163507,9.446893,13.44673,Neutral
4450.2046,18.804152,10.02696,14.366527,Neutral
4417.6294,19.735888,8.913713,13.223353,Neutral
4445.1396,19.598305,9.960049,14.277563,Neutral
4329.4336,19.670088,11.420325,15.53172,Calm
4511.5947,19.887735,10.956316,14.883307,Calm
4367.9097,20.458115,12.026565,17.089617,Calm
4738.3174,20.746906,11.347157,15.902009,Calm
4903.9775,19.012405,11.752575,15.728861,Calm
5193.4375,19.976685,11.432536,15.074838,Calm
4630.7646,20.316826,10.9250765,14.761726,Calm
4580.0635,20.031715,11.174134,15.767045,Calm
4191.848,20.456287,14.435701,23.63171,Happy
4644.725,20.345007,14.312416,22.562826,Happy
4675.0977,20.52033,15.062331,23.70061,Happy
4492.2803,20.73225,15.936014,24.471098,Happy
5439.4976,20.472761,15.27279,25.11008,Happy
5331.759,20.654121,14.899808,24.36224,Happy
5229.654,20.545431,15.574413,26.053228,Happy
4574.9507,20.555658,14.227018,23.069368,Happy
4615.7876,19.81462,8.034597,11.408047,Sad
4816.0557,19.652542,8.977183,12.069185,Sad
4120.2373,20.487255,7.3910832,11.024695,Sad
4275.6294,19.831766,7.783112,11.406025,Sad
5306.3315,21.26963,16.826647,24.229172,Sad
5446.869,20.674076,12.152745,18.346867,Sad
5446.9966,20.976059,14.497662,22.62603,Sad
5560.3076,20.317778,12.188929,18.185066,Sad
5241.7417,20.089134,9.979567,13.868188,Angry
4677.386,19.488682,11.424873,15.979417,Angry
5360.923,18.969982,9.9291315,14.666846,Angry
4942.9033,20.293732,10.518624,15.517884,Angry
5061.672,20.122982,13.446746,19.326761,Angry
5136.031,20.313091,13.303406,19.367636,Angry
5759.1846,20.809446,13.148169,18.759382,Angry
5213.866,19.39943,13.388198,19.228775,Angry
4710.0713,18.801987,7.15864,9.961337,Fearful
4922.108,20.404127,9.617878,13.8150425,Fearful
4545.1465,20.58905,9.616691,11.979613,Fearful
5116.6147,20.014053,8.139581,11.847387,Fearful
5625.529,21.271902,15.547677,23.087324,Fearful
5368.244,22.038868,13.670374,19.248041,Fearful
5665.2417,19.788391,10.431569,15.737594,Fearful
5759.8203,20.566679,12.271069,17.45907,Fearful
4306.849,19.875956,10.872211,17.140667,Disgust
4851.508,19.137707,9.576626,14.608587,Disgust
4578.0,17.470808,11.017388,17.967072,Disgust
4521.4253,19.303915,10.875854,16.824348,Disgust
4889.2085,18.32745,14.918483,24.121298,Disgust
4375.9136,18.954208,15.123932,23.134474,Disgust
4812.7524,19.656292,12.981392,19.742403,Disgust
4960.5767,18.866413,15.2478075,23.902267,Disgust
3961.3728,19.283298,7.506854,10.364285,Surprised
3935.9346,19.258574,9.328923,12.472737,Surprised
4585.037,20.04935,5.8121576,8.576637,Surprised
4690.3706,19.7277,6.8041477,9.753637,Surprised
4464.834,19.881638,6.6835785,9.1578865,Surprised
4699.15,18.701042,8.926358,12.78772,Surprised
5153.8516,18.848988,7.806105,11.187191,Surprised
4838.4463,19.17588,7.802091,11.398803,Surprised
4638.243,20.770441,12.98776,16.096529,Neutral
4562.4453,20.450285,10.921967,14.882939,Neutral
4596.4194,19.385017,8.688298,12.887953,Neutral
4653.196,20.236584,7.9691224,11.934051,Neutral
3809.8757,21.018587,12.583744,17.507109,Calm
4016.725,21.07709,13.220712,19.7295,Calm
4131.755,20.569965,13.0511875,18.745718,Calm
4440.1206,20.790974,14.41435,19.69178,Calm
4570.8433,20.312943,11.772839,16.33068,Calm
5025.516,20.254072,12.177006,17.696991,Calm
4862.936,20.208685,15.594549,22.547136,Calm
4311.461,20.081898,13.411092,16.486677,Calm
4969.4927,20.213865,18.300041,27.673948,Happy
4067.5132,20.866945,14.574297,20.848312,Happy
4962.6245,20.929304,18.918922,28.343195,Happy
4962.6245,20.929304,18.918922,28.343195,Happy
4189.657,22.284393,16.90727,27.945995,Happy
5184.7305,21.598759,16.844706,26.842806,Happy
4243.25,21.819319,17.293837,29.063408,Happy
4188.6255,21.470549,17.307549,28.792025,Happy
4060.1455,20.690819,5.871731,8.913069,Sad
4235.3555,20.72206,7.6448827,11.153092,Sad
3948.747,20.0392,7.2101455,10.216198,Sad
4648.5454,20.538395,7.9230604,12.058192,Sad
5174.754,20.20106,15.974143,25.548119,Sad
4309.5234,20.813925,12.761674,19.916464,Sad
4553.7275,21.23908,15.233116,24.467379,Sad
4924.5615,21.258135,17.96466,27.59428,Sad
4290.1177,20.920357,11.164306,16.593746,Angry
4265.2607,21.86677,11.775882,17.928705,Angry
4166.8833,22.706308,13.455793,20.007433,Angry
4138.6807,20.920471,10.655712,15.803326,Angry
3683.245,20.194899,13.322474,19.373857,Angry
4177.3267,20.291752,14.123972,21.192936,Angry
4620.123,20.87213,13.4467535,20.269608,Angry
4270.3228,20.878582,13.389927,20.679462,Angry
4030.641,20.107374,6.074892,9.075336,Fearful
4417.3555,19.530754,6.4788423,9.739992,Fearful
4449.6577,20.462774,5.687746,8.827495,Fearful
4704.8535,20.875822,5.63429,8.557084,Fearful
4447.0415,20.985878,10.809622,15.992009,Fearful
4600.366,20.427452,8.001182,12.0493965,Fearful
4476.2847,21.331268,8.128731,11.840494,Fearful
4619.4062,20.615406,8.289387,12.072648,Fearful
4096.489,20.654373,16.577969,25.862467,Disgust
4785.903,20.591599,14.039143,21.423288,Disgust
4671.4214,21.096653,13.359922,19.992832,Disgust
4173.962,20.615517,13.086816,20.768852,Disgust
4803.035,20.548775,16.030914,25.391531,Disgust
5234.9087,20.818487,15.576864,23.828754,Disgust
4845.903,20.61844,14.071801,22.03856,Disgust
5355.838,20.332914,15.301418,23.418137,Disgust
3665.5613,20.210371,9.7113695,12.648597,Surprised
4311.7324,20.748909,7.539524,9.735156,Surprised
4207.8784,21.170982,7.1327085,10.01787,Surprised
4075.1226,20.090216,4.6833653,6.89207,Surprised
4424.9224,21.186996,9.382254,13.593457,Surprised
4532.3,20.24283,9.62062,13.089234,Surprised
4605.7344,19.957941,6.59793,9.6243305,Surprised
3352.5269,19.933271,5.4719763,8.117134,Surprised
4281.8477,19.302145,10.968161,15.773651,Neutral
4249.6924,19.139025,11.139392,15.96081,Neutral
4397.914,19.300663,9.852447,14.96764,Neutral
4148.161,19.064669,11.187295,16.196201,Neutral
4291.5024,19.394398,11.453791,16.946167,Calm
4375.8267,18.582653,13.446873,18.461561,Calm
4253.7354,19.199564,12.983205,20.420698,Calm
4277.4565,18.64642,13.605204,20.843561,Calm
4384.132,18.557638,12.69331,18.916824,Calm
4488.2734,18.99498,14.378815,21.058237,Calm
4585.7847,18.405882,12.501774,19.529234,Calm
4592.4663,19.143051,13.731613,20.859137,Calm
4371.726,18.733603,16.627136,25.834154,Happy
4361.949,19.330929,16.990406,25.168558,Happy
4330.232,18.533588,17.274508,26.246622,Happy
4331.7393,19.151226,16.799805,25.410284,Happy
4380.9487,18.882324,18.210958,28.478376,Happy
4555.0527,18.428236,18.778824,29.461655,Happy
4467.9062,19.084444,18.846,29.065208,Happy
4490.6226,18.799757,19.454275,29.59904,Happy
4763.451,18.165169,8.02605,11.399229,Sad
4495.773,18.763966,9.590743,13.354092,Sad
4559.221,18.519691,9.62361,14.252646,Sad
4352.5596,18.395712,9.045873,11.358805,Sad
4631.576,18.617884,9.102159,13.161217,Sad
4783.445,19.455603,10.595921,16.533377,Sad
4812.4175,19.093119,11.316622,17.292818,Sad
4387.027,18.21649,10.441962,14.786049,Sad
4360.961,18.383095,11.239966,14.217435,Angry
4503.505,18.812525,12.767239,15.972348,Angry
4341.9414,17.718958,11.375304,14.092439,Angry
4333.4556,18.505005,12.222829,16.002693,Angry
4385.07,18.489214,14.0144615,18.876148,Angry
4277.8745,17.92223,13.762267,19.158203,Angry
4531.2686,18.296488,9.987709,15.009155,Angry
4360.6855,16.929594,12.556835,17.261969,Angry
4430.357,17.835672,7.6769743,11.383493,Fearful
3952.7002,18.044897,7.430509,11.091074,Fearful
4810.8506,18.307884,8.772786,13.015775,Fearful
4491.5776,17.662327,9.499267,13.38815,Fearful
4623.454,18.842989,10.271838,14.554775,Fearful
5131.614,17.975996,9.962309,14.631957,Fearful
5046.2715,17.22773,13.5497055,18.548258,Fearful
4555.6064,16.872776,9.837168,14.671828,Fearful
4529.449,19.25342,13.082444,18.837988,Disgust
4359.457,19.24288,12.706875,18.886799,Disgust
4749.7007,19.276144,15.332279,24.043083,Disgust
4550.9224,19.62257,14.137254,22.80383,Disgust
4810.263,19.302069,17.083519,25.336,Disgust
4145.7085,20.455635,14.744821,22.587963,Disgust
4582.888,19.926014,17.764532,27.719616,Disgust
4610.1753,21.39112,21.980295,32.112617,Disgust
4377.801,19.28297,11.829643,15.902028,Surprised
4483.1597,19.30613,9.8888445,14.264132,Surprised
4370.9204,18.275402,9.692271,14.185993,Surprised
4229.581,17.979815,8.7251005,13.576943,Surprised
4443.825,18.439177,12.112138,18.124947,Surprised
4462.1426,17.862417,10.706859,15.549829,Surprised
4603.9277,17.856983,11.354913,14.84304,Surprised
4630.421,18.474031,10.364503,14.016103,Surprised
3305.2407,21.112623,7.414866,10.96148,Neutral
3762.842,21.325378,6.58979,10.326187,Neutral
3915.651,20.527393,6.2435856,9.896618,Neutral
3791.168,20.40798,6.43074,9.440954,Neutral
4116.09,21.128239,9.637762,13.14331,Calm
4538.141,20.68265,7.9514627,11.720241,Calm
4410.6533,20.798958,9.4303255,13.896278,Calm
4518.6606,20.237131,7.976772,12.40297,Calm
3734.3364,20.769321,10.63849,15.61614,Calm
3987.2073,20.767002,9.217702,14.484755,Calm
4256.4194,21.122953,11.093189,15.308493,Calm
3666.0422,20.641203,10.199529,13.338131,Calm
3853.3367,19.145649,18.375172,28.943182,Happy
4189.255,20.206467,13.0834,20.402704,Happy
3864.9321,20.766098,11.004324,17.247984,Happy
4358.536,20.385208,13.886028,20.944496,Happy
4158.5654,19.459288,17.112253,25.091919,Happy
4117.34,20.283474,18.842577,27.482716,Happy
4597.0913,21.13385,13.034884,18.900911,Happy
4098.0073,18.720037,17.338186,26.9615,Happy
4074.064,22.026081,9.406594,14.783913,Sad
3925.974,21.885727,11.172354,17.423363,Sad
4199.353,21.227499,11.528297,17.011456,Sad
4087.7888,21.01181,10.375951,16.377375,Sad
4895.61,20.32235,16.797762,27.165457,Sad
4772.821,21.375818,16.185392,26.650288,Sad
4585.8267,21.43339,15.045096,23.810352,Sad
4479.3135,20.718296,16.197721,25.933435,Sad
3941.3687,20.1713,12.761897,17.820557,Angry
4114.9155,20.76991,8.210291,11.968127,Angry
4578.2075,19.094103,10.654221,14.973837,Angry
4550.2207,20.69107,10.642494,14.975058,Angry
5312.9854,18.059519,14.7275915,21.089863,Angry
5560.6763,19.249773,15.302577,22.295914,Angry
5533.7964,18.366453,17.451727,24.8402,Angry
4801.199,18.81763,16.523512,23.67866,Angry
3691.7886,23.015959,6.9496813,10.792104,Fearful
4344.6504,21.705452,5.516391,8.811037,Fearful
4287.654,20.784515,5.7880487,8.703087,Fearful
4346.328,21.304605,5.3481355,8.62105,Fearful
4023.578,20.260904,5.8882704,9.432621,Fearful
4503.9893,19.81496,6.098074,9.640263,Fearful
4404.176,19.670813,7.5366864,11.408044,Fearful
4064.6978,20.54023,7.378169,10.637566,Fearful
3793.403,21.67073,15.316161,25.707867,Disgust
4347.089,20.74824,15.188754,25.253614,Disgust
4307.3755,21.225702,15.777015,26.974361,Disgust
4206.428,21.284565,14.780093,22.911076,Disgust
4343.028,21.205368,16.233717,27.404068,Disgust
4262.229,19.833574,18.728222,28.979576,Disgust
4643.2915,20.295393,16.883049,27.224611,Disgust
4159.5483,20.660492,17.882574,28.00834,Disgust
4026.8186,20.79485,11.906267,16.659658,Surprised
3466.207,21.3729,9.858268,15.847299,Surprised
4249.632,20.506933,11.462235,18.181948,Surprised
3589.7874,20.869635,11.726342,17.246542,Surprised
4282.3647,20.592731,14.900947,21.64779,Surprised
4240.851,21.150955,10.915702,17.476059,Surprised
4279.5566,21.335804,11.648951,17.924896,Surprised
4175.5205,21.137016,14.029716,21.064236,Surprised
4398.075,20.014614,8.893895,12.580836,Neutral
5068.908,19.4775,8.440272,11.630834,Neutral
4748.195,19.661001,8.809197,11.9055395,Neutral
5092.174,20.773254,8.366768,11.510619,Neutral
4850.7734,20.036768,11.934126,15.111399,Calm
4607.832,18.813292,11.58526,14.843622,Calm
5106.135,19.499962,10.213013,14.430119,Calm
4569.1514,18.937088,9.911752,14.138584,Calm
4334.4424,19.396843,9.808131,12.750972,Calm
4308.0366,18.979898,12.37152,15.71898,Calm
4395.4263,19.716667,11.391062,15.650608,Calm
4604.8745,18.567791,9.138924,12.825803,Calm
4621.885,19.901655,11.777123,17.210423,Happy
4658.3003,20.756186,11.803283,18.16126,Happy
4968.652,20.310215,13.065149,20.301195,Happy
4841.7793,19.92544,13.845761,19.747723,Happy
5192.4014,20.164837,14.874193,21.275784,Happy
4465.1567,20.259436,13.085794,19.981497,Happy
5469.517,19.709791,15.429867,23.406078,Happy
5522.8926,20.294857,15.537319,22.174889,Happy
4282.412,19.860933,7.921578,10.988561,Sad
4811.113,20.574324,8.075208,10.8632,Sad
4347.7617,19.602047,6.387262,8.988542,Sad
4821.701,19.735216,9.436059,11.859718,Sad
4827.463,19.549719,13.152927,17.974854,Sad
4277.679,19.8852,9.144425,12.053881,Sad
4662.507,19.389162,9.035376,12.23778,Sad
4999.0015,19.421368,8.605756,12.175371,Sad
5000.7646,19.4257,9.597148,13.316733,Angry
5008.379,20.124308,7.5711555,10.976183,Angry
4514.777,19.625431,8.841959,12.046763,Angry
4674.171,19.13375,11.530257,15.466771,Angry
4297.9277,19.524279,10.667296,14.819489,Angry
4182.339,20.214123,15.236728,21.46375,Angry
5137.0195,19.594755,13.153567,19.361301,Angry
5169.239,20.585897,14.041493,20.128138,Angry
4050.7563,18.839922,6.1044602,8.6019535,Fearful
4376.82,19.238213,4.3154497,6.1982145,Fearful
4405.965,18.817627,4.455084,6.7831507,Fearful
4490.9917,19.53763,5.9990826,8.57354,Fearful
4624.902,19.453308,7.624413,10.688161,Fearful
5135.062,19.374563,6.201333,8.91617,Fearful
4898.5146,20.158022,8.557977,11.954588,Fearful
4610.714,20.031498,9.513013,13.60008,Fearful
4888.1084,20.639591,13.409384,19.589596,Disgust
4438.8486,20.170942,10.9538355,14.987205,Disgust
4508.3774,20.500193,14.756844,21.57294,Disgust
5462.428,20.574013,18.324646,27.85197,Disgust
4788.8413,21.11466,14.992055,22.758846,Disgust
4671.664,21.24561,14.584639,22.639606,Disgust
4748.7446,21.139477,16.785528,26.308996,Disgust
5244.0654,19.650278,16.856525,25.419397,Disgust
4415.618,19.303082,11.687096,13.904513,Surprised
4305.3384,19.249842,12.155401,16.594633,Surprised
4652.4673,20.628222,13.430408,18.164774,Surprised
4528.774,19.179672,9.826547,13.409358,Surprised
4225.962,19.404837,9.24328,13.793388,Surprised
4907.1074,20.314157,8.936969,11.220062,Surprised
4577.489,19.421835,8.607351,11.111779,Surprised
4311.1177,18.587927,6.3809223,9.091274,Surprised
4090.0461,20.506727,9.293426,12.971689,Neutral
3987.9626,20.083149,7.553465,10.819754,Neutral
4144.263,19.606565,8.813323,12.083425,Neutral
3934.7573,20.000937,8.672499,12.230252,Neutral
4372.0015,20.79992,9.124611,13.263699,Calm
4136.761,18.98349,9.756082,13.55913,Calm
4439.0947,19.012966,8.034968,11.680758,Calm
4687.3154,19.713118,11.042628,15.027476,Calm
4545.4736,18.798073,9.902562,14.130105,Calm
4844.199,19.81751,11.23273,16.515415,Calm
4562.2334,19.09449,8.74451,12.323266,Calm
4375.844,19.797827,10.236111,14.530771,Calm
4016.2188,19.141375,9.703206,14.34955,Happy
4205.9863,19.4707,12.301086,18.963057,Happy
4367.946,20.308973,12.525826,18.901064,Happy
4338.068,19.42621,10.590312,15.985902,Happy
4352.163,19.894028,14.10073,20.185776,Happy
3909.374,19.450733,11.574165,17.114708,Happy
4582.1396,18.499075,14.587509,21.556013,Happy
4242.0356,18.914423,11.583443,17.307453,Happy
4449.795,19.037848,7.27534,9.541317,Sad
4237.1396,19.184374,6.183469,8.668597,Sad
4634.834,19.342546,8.634812,11.836471,Sad
4488.163,20.14441,6.26971,8.550211,Sad
4504.7075,19.298979,12.124451,17.36349,Sad
4037.555,19.990952,16.540775,23.521217,Sad
4173.82,19.502094,12.483892,16.998608,Sad
4345.482,19.987782,13.605206,18.634604,Sad
4401.676,19.960567,8.076954,10.96404,Angry
4461.101,20.036386,7.658623,10.528061,Angry
4337.8623,20.378027,7.8167872,10.577786,Angry
4598.406,20.826576,6.9121356,10.338332,Angry
4444.38,19.630993,9.400814,12.968917,Angry
4636.296,20.91779,11.426717,15.028692,Angry
4171.368,20.313784,10.5303755,15.000475,Angry
4721.8857,19.550848,10.109067,14.488041,Angry
4480.497,19.254059,8.728251,11.406775,Fearful
4387.044,19.582668,7.215917,10.365291,Fearful
4166.242,18.919817,7.4411335,10.53598,Fearful
4125.6655,20.031897,9.112342,12.043661,Fearful
4098.5845,18.618252,7.0354443,9.86748,Fearful
4281.9717,19.04695,10.192042,13.5005665,Fearful
4041.1272,19.22551,7.6886616,11.22248,Fearful
4351.7344,18.404272,8.381873,11.723922,Fearful
4547.746,19.715256,12.8964815,19.13458,Disgust
4388.797,19.533691,11.766472,16.864372,Disgust
4417.9517,19.266228,15.355695,22.232931,Disgust
4490.649,20.000454,11.901452,17.830502,Disgust
4628.8994,18.408438,14.453842,21.721626,Disgust
4474.525,19.386248,12.779971,18.837193,Disgust
4444.414,18.805492,12.833548,18.22804,Disgust
4439.7324,19.19733,14.292357,20.47635,Disgust
4276.8896,18.491663,10.360105,13.109453,Surprised
4271.8975,18.213089,7.567869,10.435163,Surprised
4177.1553,17.853518,6.732486,9.433788,Surprised
4239.388,18.762552,5.460714,7.4177284,Surprised
4250.518,18.243378,5.8349967,8.376595,Surprised
4385.621,17.920818,6.8882318,9.5602455,Surprised
4371.18,18.692327,8.261461,11.402363,Surprised
4694.147,18.864233,8.1386175,10.822658,Surprised
4267.0435,17.805862,9.145901,13.0658455,Neutral
4268.4893,18.05635,10.036887,14.244006,Neutral
4479.1104,17.65928,8.658109,12.779387,Neutral
4739.094,18.236443,9.60941,13.499446,Neutral
4584.9526,18.401142,11.539267,17.724394,Calm
4592.3657,18.157053,11.486595,16.500854,Calm
4637.4937,18.241419,10.942319,16.356949,Calm
4835.163,18.427214,11.702745,17.620653,Calm
4334.837,18.317764,12.128081,16.445168,Calm
4425.8184,18.700485,11.372534,17.504593,Calm
4860.2837,18.840855,11.0957985,17.660345,Calm
4688.3667,18.135193,12.932774,18.67673,Calm
4143.3696,18.625381,15.61724,24.803648,Happy
4491.3984,18.865742,15.961994,25.23865,Happy
4457.334,18.266008,15.24291,22.928478,Happy
4527.1865,18.742937,16.158611,25.461737,Happy
4170.4644,19.66926,16.67123,23.227856,Happy
4486.824,19.542429,18.05074,25.296658,Happy
4546.733,18.499119,18.153101,26.33334,Happy
4811.691,18.903084,18.329649,26.99667,Happy
4579.536,18.68176,12.114151,18.678377,Sad
4010.7288,18.482275,13.490742,21.450302,Sad
4782.6895,18.636269,12.461595,18.22558,Sad
4859.6675,19.044365,12.336612,20.305117,Sad
4527.2427,19.549091,15.154197,23.67178,Sad
4961.0796,18.809244,15.849844,24.411844,Sad
4189.741,19.086605,17.419842,25.559864,Sad
4669.456,19.125456,16.904783,26.058151,Sad
4851.939,18.773321,11.863943,17.7523,Angry
4521.4253,18.761625,10.639123,15.330415,Angry
4805.9424,18.867373,12.984702,17.342022,Angry
4955.664,18.596731,9.2553835,14.2036,Angry
3886.8452,20.055752,10.314467,14.225768,Angry
4765.082,18.525457,12.670236,17.211437,Angry
4627.411,18.122694,12.853113,17.030006,Angry
4041.021,17.62964,12.615504,18.227564,Angry
4049.2412,20.403742,11.683214,16.092758,Fearful
4246.4014,18.171032,11.7551775,16.834904,Fearful
4555.9263,18.765701,13.331541,18.58523,Fearful
4837.9595,18.629889,11.479474,15.816412,Fearful
4689.934,19.526697,11.094516,15.188409,Fearful
4163.121,19.948528,9.495815,13.568716,Fearful
4362.125,19.41916,12.264815,16.588005,Fearful
4554.7505,19.95733,10.120065,14.788569,Fearful
4275.2495,17.65009,12.429498,18.066046,Disgust
4502.8555,18.184164,14.811709,22.078724,Disgust
4419.277,19.51965,12.291636,19.104645,Disgust
4615.023,18.95201,16.210512,22.970432,Disgust
5296.8877,18.915785,15.492441,24.219898,Disgust
4959.209,19.086779,17.600624,27.298195,Disgust
4967.2026,18.76102,14.988271,23.687157,Disgust
5000.45,19.08808,16.54509,26.185345,Disgust
4506.5312,17.537601,12.635956,17.550987,Surprised
4246.4624,19.542324,15.68679,23.939585,Surprised
4652.154,17.9592,11.71863,18.1427,Surprised
4742.486,18.461254,11.61442,17.50408,Surprised
4377.8276,18.044538,12.009857,18.201454,Surprised
5134.663,18.131842,10.452995,15.7465725,Surprised
4796.543,18.7536,14.730978,21.35315,Surprised
4687.1055,18.710358,12.894159,20.77259,Surprised
3999.4912,20.643875,8.540642,12.503122,Neutral
3926.6604,20.093464,8.339669,11.943144,Neutral
4142.5913,20.298243,7.245541,11.012584,Neutral
4374.036,20.315416,7.3726363,11.118293,Neutral
4124.1475,18.954803,11.190831,16.42967,Calm
4059.1628,19.729486,10.284362,15.124111,Calm
4170.6494,20.063635,9.536292,14.52191,Calm
4229.0547,18.871765,8.904645,13.538023,Calm
3891.3855,18.776747,12.337713,18.922503,Calm
4129.255,19.997898,10.875299,16.394434,Calm
4076.4246,18.753452,10.744832,15.27213,Calm
4135.935,20.06256,10.1622925,15.523067,Calm
4099.5435,18.924002,10.893225,17.873075,Happy
4138.601,19.498798,10.880181,17.429249,Happy
4226.6523,19.453232,10.997711,17.13414,Happy
4371.5684,18.833597,13.493509,19.386007,Happy
4269.8955,19.036888,16.046814,25.403141,Happy
4294.1963,18.816494,16.03805,24.257238,Happy
4854.0674,17.954256,14.621028,21.068512,Happy
4576.4287,18.707275,14.4875765,19.954325,Happy
4295.8667,19.260214,8.172019,12.587676,Sad
4277.562,19.661459,6.764759,10.508868,Sad
4161.481,19.272667,7.2899065,10.604118,Sad
4280.127,19.848934,7.26948,10.878503,Sad
4129.887,19.160215,9.135479,13.285961,Sad
4100.3916,18.53533,7.524184,11.504027,Sad
4361.11,18.282717,8.171618,12.445355,Sad
4138.955,18.464346,7.693797,11.699897,Sad
4317.0337,18.33182,9.67941,13.528342,Angry
4265.4614,18.428976,9.081917,13.045898,Angry
4383.4077,18.194674,8.6004715,12.434052,Angry
4179.8555,18.64929,11.031335,14.975219,Angry
4897.8804,17.567425,13.931155,19.519205,Angry
4749.589,18.713402,14.234121,21.12424,Angry
4727.704,17.33281,14.414926,20.589502,Angry
5361.229,18.55126,14.943779,21.983585,Angry
4024.722,19.68431,6.2272654,9.11548,Fearful
4342.5703,18.984518,7.688675,11.448734,Fearful
4331.368,19.106602,8.121962,11.399942,Fearful
4132.2876,18.589296,7.524506,10.7618065,Fearful
4308.8564,17.902693,8.968201,13.416127,Fearful
4478.134,18.502394,10.359166,14.761493,Fearful
4437.683,17.766968,12.135308,17.546597,Fearful
4227.8115,19.399143,5.6487865,8.935371,Fearful
4184.013,19.182709,9.355367,14.235816,Disgust
3936.0352,18.867495,9.021999,14.11149,Disgust
4223.313,18.53291,11.166253,16.113083,Disgust
4257.1436,19.503874,10.865505,16.724134,Disgust
4420.66,19.639688,12.499429,19.164673,Disgust
4235.7524,19.181139,9.90591,15.745228,Disgust
4335.173,18.783373,9.83759,15.832091,Disgust
4296.0654,19.53597,10.922383,17.040775,Disgust
4292.5425,17.569016,10.070971,14.436676,Surprised
4045.4312,19.127941,9.46144,13.147394,Surprised
4123.802,18.762688,9.413096,13.859916,Surprised
4112.539,18.887846,10.4083395,15.154294,Surprised
4364.2124,18.66922,11.976114,16.13271,Surprised
4251.38,19.82009,11.053213,16.297043,Surprised
4116.3906,18.803574,9.757114,13.603489,Surprised
4067.6453,19.078108,7.953939,11.732153,Surprised
4015.014,19.567083,10.03185,14.647852,Neutral
4391.3975,20.09964,9.488173,12.465725,Neutral
4368.146,20.006636,9.718277,14.886407,Neutral
4409.3857,19.671705,10.219497,14.422507,Neutral
3934.2034,20.233225,11.273329,17.351538,Calm
4329.4336,20.550669,9.099916,13.819732,Calm
4212.2603,20.342602,10.490182,15.144027,Calm
4354.6284,20.814896,10.539823,15.696293,Calm
4323.505,20.11329,10.104198,15.544387,Calm
4389.61,20.298527,11.908497,18.308054,Calm
4388.855,20.192995,9.776032,15.737938,Calm
4361.0806,19.909464,10.621745,16.489548,Calm
4930.6763,20.303453,15.247292,21.86745,Happy
4460.8706,20.534489,14.343885,22.606812,Happy
4558.752,19.769184,11.56692,17.590826,Happy
4271.121,20.083796,15.625446,25.24648,Happy
4662.8066,19.148647,15.986506,25.802822,Happy
4699.034,19.8936,16.083136,25.659977,Happy
4746.1963,20.953012,16.420279,26.535067,Happy
4656.4204,20.604565,16.691566,24.612532,Happy
4646.4834,18.564705,11.214432,17.208256,Sad
4108.7905,19.460127,11.012235,14.941442,Sad
4740.7456,18.982718,9.812549,13.905649,Sad
4868.318,18.820728,8.673646,13.564541,Sad
4763.34,18.797743,12.133838,17.386742,Sad
4563.624,19.44472,10.372847,14.319395,Sad
4763.923,19.557356,10.254301,16.4921,Sad
5348.182,19.590944,9.455886,15.22718,Sad
4674.2144,19.081478,15.500938,21.555185,Angry
4465.5176,19.383213,10.368389,14.630734,Angry
5174.2036,19.26306,10.999434,15.977235,Angry
4790.5674,19.780464,13.408616,19.323496,Angry
4871.673,20.092443,14.065624,21.80323,Angry
5110.453,19.909893,12.800421,20.106474,Angry
4814.6987,20.45955,15.561538,22.151897,Angry
5331.934,19.494896,14.865023,22.430126,Angry
4492.412,19.724134,8.645404,12.134637,Fearful
4847.1104,19.927608,10.954977,14.60352,Fearful
5017.206,19.272324,8.411633,11.929538,Fearful
4672.157,19.43494,9.222725,15.151364,Fearful
4558.0884,19.818527,12.326442,18.04947,Fearful
5152.5596,19.928856,10.796384,15.809822,Fearful
5143.0796,20.2457,10.123521,14.22984,Fearful
5062.5483,20.026539,12.265381,18.010357,Fearful
4773.3,20.115078,14.856711,23.363903,Disgust
4251.7324,20.263853,16.514565,22.911533,Disgust
4765.1113,20.314318,12.278424,18.26961,Disgust
4585.2593,20.288017,13.863303,20.942472,Disgust
5555.902,20.647354,15.83556,22.453608,Disgust
4904.597,20.449007,14.2462,21.251892,Disgust
4838.675,20.073778,13.07832,19.485317,Disgust
4391.7603,20.54257,12.79097,19.152708,Disgust
4599.965,19.850786,12.342824,17.354044,Surprised
4273.7124,19.984104,12.768688,17.172853,Surprised
4542.8413,19.813702,9.334675,12.249222,Surprised
4383.9995,19.772753,11.238809,16.132156,Surprised
4890.2646,19.679024,11.247662,14.367912,Surprised
4334.274,19.239748,10.969491,14.464023,Surprised
4645.5137,19.093693,9.023791,12.039886,Surprised
4890.1133,18.952147,8.994445,12.02025,Surprised
4062.5083,22.224081,6.7853436,9.606186,Neutral
4162.156,21.767643,7.5886846,11.038906,Neutral
3909.221,22.090843,7.1295714,9.673195,Neutral
3969.41,21.788944,6.452186,9.24823,Neutral
3979.9019,23.061666,9.322011,13.31464,Calm
4223.897,23.35266,9.414314,12.881544,Calm
3955.2075,23.372942,9.369755,13.28674,Calm
4475.2417,23.239607,8.948517,12.130182,Calm
4290.749,22.959085,9.048626,12.05069,Calm
3842.2297,23.19969,10.426947,13.561751,Calm
3977.866,23.365122,10.848619,13.976038,Calm
4072.8103,23.459455,8.423848,11.511363,Calm
3922.4324,21.508419,14.022218,19.116318,Happy
3729.6917,22.867008,11.551958,16.773367,Happy
3881.0159,22.703823,13.710859,18.129333,Happy
4063.4988,22.53212,12.799466,18.59105,Happy
3895.8462,22.514986,15.5716305,20.014668,Happy
4005.1628,21.740343,14.405813,22.641142,Happy
4202.6504,21.314552,16.800684,22.34363,Happy
4235.6514,21.568954,15.665972,22.04244,Happy
3925.6543,22.788147,8.784981,12.495842,Sad
3606.6152,21.748232,8.971314,11.634624,Sad
4013.5718,22.522179,10.006663,14.010065,Sad
3623.599,22.776306,12.762915,16.430586,Sad
3555.6216,21.401752,19.842905,25.237734,Sad
3685.773,23.026867,13.309511,19.860685,Sad
4343.8027,22.528173,10.211568,13.509835,Sad
3778.1648,22.540163,12.453335,15.760175,Sad
4153.6685,22.762897,11.552517,15.372071,Angry
4436.1865,21.606705,10.326717,13.236635,Angry
3919.1594,21.534712,11.517741,15.148869,Angry
4428.2695,22.338993,8.678627,11.81494,Angry
3910.629,22.809855,11.539756,15.475487,Angry
4462.7344,22.962152,12.8549,17.305466,Angry
4066.3066,21.56905,9.253529,12.626571,Angry
4363.2383,21.817493,12.6179285,17.022438,Angry
3433.6729,21.637537,7.4948225,9.650074,Fearful
3926.922,22.670918,6.844275,9.053745,Fearful
3881.0188,22.737589,6.521053,8.578069,Fearful
4546.957,22.677687,8.228438,10.724927,Fearful
4274.813,21.998554,9.058798,12.590621,Fearful
4134.825,22.412582,6.0078025,8.803778,Fearful
3735.1443,22.135666,7.703571,10.40105,Fearful
4298.234,21.90708,7.3702946,10.707623,Fearful
4219.15,22.725626,16.817738,22.125988,Disgust
4185.602,22.553898,16.337639,23.553406,Disgust
4585.119,22.155043,15.074915,21.120466,Disgust
4300.87,22.595871,16.10771,20.946175,Disgust
4226.2095,22.885862,18.328642,24.144003,Disgust
4026.8062,22.1778,21.128378,24.778585,Disgust
3383.4612,22.783943,13.375048,19.364565,Disgust
4043.5913,22.858015,15.389054,20.856451,Disgust
3368.2136,22.056545,12.83709,17.135382,Surprised
4023.691,23.469059,10.512649,14.879346,Surprised
4268.7305,21.924799,14.29992,19.131165,Surprised
3983.8933,22.36269,10.7800455,15.450608,Surprised
3901.11,22.775106,17.952469,23.180765,Surprised
3850.6646,22.275728,15.504161,19.641045,Surprised
3796.4536,22.338287,12.131177,15.892281,Surprised
4060.8467,21.901524,15.264646,19.879377,Surprised
4262.5024,19.715387,10.215782,15.671675,Neutral
4317.671,19.53308,10.690492,16.925331,Neutral
4458.384,19.73984,9.205281,14.699632,Neutral
4444.45,19.97722,9.583899,14.549268,Neutral
4016.017,19.654669,14.8084,23.32731,Calm
4235.764,20.25641,13.508848,19.946852,Calm
4310.5146,19.440191,13.063625,20.167759,Calm
4422.1436,19.385168,13.31811,20.814528,Calm
4499.936,19.914835,15.572064,23.927963,Calm
4521.919,19.608292,15.936023,24.301464,Calm
4266.328,18.775738,13.993431,21.188437,Calm
4551.1587,18.827042,13.846638,22.30006,Calm
4628.1357,20.006485,17.686861,28.710217,Happy
4807.4116,20.254738,17.1533,28.015144,Happy
4876.8335,20.305326,16.417828,26.237677,Happy
4331.859,20.294527,15.331314,25.159353,Happy
4421.3716,21.14031,17.963964,28.999992,Happy
4863.019,21.004744,18.792667,31.318628,Happy
4918.536,20.672499,18.041725,28.405401,Happy
5030.8647,19.638847,20.241066,31.067747,Happy
4636.9824,19.779388,14.980741,23.100048,Sad
4244.3037,18.89908,13.298497,18.800966,Sad
4182.637,19.405153,13.456699,20.816654,Sad
4038.0674,19.565386,9.619299,14.027643,Sad
4457.5405,21.447472,17.690346,26.026556,Sad
4806.899,20.824438,15.413693,22.443995,Sad
4869.0566,20.040924,16.85109,25.817335,Sad
4925.2773,19.176254,14.92512,22.090311,Sad
4428.7563,22.282751,11.585547,16.769712,Angry
5027.7256,20.615246,14.1957655,20.274418,Angry
4710.3174,18.61117,12.777045,18.369364,Angry
4892.2656,20.89521,11.990046,17.51228,Angry
4662.9414,20.116926,17.89568,25.50445,Angry
5039.048,20.217133,17.4469,25.343025,Angry
4658.286,18.962048,15.938562,23.656141,Angry
5222.5625,20.46722,18.061996,26.152208,Angry
4443.3037,22.356735,10.778929,15.685946,Fearful
4112.166,19.017273,9.830779,13.978532,Fearful
4715.299,18.449377,8.485241,11.571226,Fearful
4154.2637,18.805077,13.312553,17.832977,Fearful
5125.733,22.832697,13.511201,19.324469,Fearful
5494.585,22.568651,14.890273,21.639826,Fearful
5261.644,21.050758,12.028745,17.746338,Fearful
5401.087,21.666656,13.0873,19.239244,Fearful
4237.2617,20.139086,19.118984,29.785112,Disgust
4358.346,19.872454,15.928017,22.925201,Disgust
3974.3306,19.370224,13.913681,22.215435,Disgust
4466.448,19.526218,17.668758,27.630337,Disgust
4737.24,20.266602,15.814193,22.09517,Disgust
4541.9443,21.244938,18.84994,26.023989,Disgust
4880.2563,21.342264,15.954578,22.39351,Disgust
4905.447,21.749617,15.823765,23.423521,Disgust
4050.5544,18.545883,14.564804,22.269798,Surprised
4511.808,19.279842,19.833109,31.07709,Surprised
4393.005,19.089487,14.713493,22.301872,Surprised
4184.7827,19.308744,14.876369,22.298477,Surprised
4037.8042,19.269207,16.84488,26.268425,Surprised
4220.7617,19.34516,15.404546,23.482758,Surprised
5374.253,18.883091,20.635534,30.664455,Surprised
4530.825,18.668013,19.01766,31.33875,Surprised
4104.7314,24.99523,8.86456,12.169178,Neutral
4065.5142,26.419243,9.501725,12.882041,Neutral
4093.988,25.57826,8.778685,12.474505,Neutral
3879.433,24.490389,6.88818,9.877972,Neutral
3970.8499,27.09068,11.512663,15.560672,Calm
4103.319,27.157412,10.764325,15.761419,Calm
4157.7144,26.854774,10.606381,14.673017,Calm
4258.1787,26.337622,10.116592,14.791294,Calm
4163.5615,27.31034,11.091183,15.649103,Calm
4012.9563,27.755383,10.629832,15.204103,Calm
4424.169,27.518946,12.890438,18.37386,Calm
4064.7795,26.631413,10.932047,14.556135,Calm
4049.5916,26.202269,11.598886,17.087353,Happy
4742.2935,26.931284,14.789211,20.72659,Happy
4574.165,27.222666,13.91948,19.683487,Happy
4817.911,26.970106,14.190998,19.466097,Happy
4503.9883,25.545696,13.982252,20.148584,Happy
5023.9697,24.96385,13.663619,20.50932,Happy
4789.114,24.844683,13.463082,20.964844,Happy
5148.1357,24.161913,11.557763,16.820585,Happy
4123.572,24.4205,8.2646475,12.003461,Sad
3742.275,25.010437,7.1440825,10.027592,Sad
4577.8853,23.749668,7.451467,11.49071,Sad
4132.755,24.248037,7.912655,12.033341,Sad
4356.2783,24.75137,8.662918,12.437743,Sad
4652.657,25.026901,9.099971,13.496778,Sad
4095.4639,25.25015,6.5091357,9.260392,Sad
4951.4624,24.414703,6.26697,9.419528,Sad
4278.611,24.881052,9.517369,12.966622,Angry
4166.9053,25.434692,10.206504,14.581446,Angry
4353.889,25.54121,8.9263315,12.493009,Angry
4707.096,25.778036,8.62262,12.276467,Angry
4409.575,26.037329,12.131496,16.377542,Angry
5380.418,26.448746,12.9864645,18.575123,Angry
4305.793,25.51832,11.80168,16.38676,Angry
5079.121,26.438408,12.909979,17.936737,Angry
4271.226,26.769703,9.85568,12.979169,Fearful
3804.256,25.36115,9.51179,13.778948,Fearful
4004.989,25.91978,6.2536225,9.200994,Fearful
4333.066,23.782463,9.355356,13.563702,Fearful
4353.38,26.132845,12.07614,16.721561,Fearful
3979.8774,24.418865,12.572087,18.355728,Fearful
4331.8237,24.193348,11.936442,17.204472,Fearful
5018.5996,24.883955,10.180868,14.820589,Fearful
4413.454,27.062082,12.948814,20.284582,Disgust
4206.3794,27.894571,13.761592,21.818441,Disgust
4489.6216,25.737112,15.162334,20.400284,Disgust
4287.383,26.05987,14.328168,22.748474,Disgust
4837.772,24.22912,17.93557,29.503695,Disgust
5189.5186,25.247866,17.548046,28.524178,Disgust
5687.8403,24.08417,16.290539,26.932516,Disgust
5389.1396,24.762999,17.344229,27.855455,Disgust
4161.224,25.824814,12.464628,16.84496,Surprised
4135.746,26.347145,12.5085,17.262033,Surprised
4389.634,24.597965,11.7824135,16.89183,Surprised
4072.5613,25.546515,10.525952,15.974473,Surprised
4130.0483,23.460579,11.107923,15.064467,Surprised
4227.44,24.569162,11.677206,16.65568,Surprised
3938.9116,23.280766,12.1365795,18.108282,Surprised
4399.8345,25.411734,12.59589,17.876831,Surprised
3201.204,21.52419,7.366798,9.86875,Neutral
3100.2637,22.036203,7.7226815,11.199263,Neutral
3278.5242,21.516111,5.2816534,7.678138,Neutral
3242.0117,21.597939,7.5488696,10.992951,Neutral
3455.2378,23.389376,13.779658,20.354235,Calm
3330.4546,23.131933,13.960055,19.594803,Calm
3493.3755,23.349277,12.735964,18.459883,Calm
3214.3174,23.664566,11.818231,17.564133,Calm
3429.6926,24.943188,12.762384,19.925043,Calm
3237.8828,23.992481,11.454039,17.568598,Calm
3263.1248,24.212973,11.860865,18.083338,Calm
3451.6055,23.944101,13.619338,20.34769,Calm
3465.8367,23.400473,16.037477,23.16092,Happy
3843.5967,23.674644,15.872698,24.39979,Happy
3254.1667,23.873194,16.289713,25.03384,Happy
3446.2224,24.26501,14.433599,22.142977,Happy
4739.374,22.257235,18.031513,27.536865,Happy
4596.6934,23.65841,17.855747,28.350624,Happy
4384.042,22.651203,20.151628,30.260708,Happy
4822.1006,23.287922,19.260519,30.78006,Happy
3279.5762,23.253996,11.633281,17.54957,Sad
3943.7852,22.415289,14.0347805,21.409044,Sad
3567.7373,21.893332,9.038688,12.981779,Sad
3293.1206,22.56582,8.501445,12.304239,Sad
4411.8076,22.615986,15.719808,24.970322,Sad
4473.6885,22.201365,16.250101,25.604736,Sad
4752.2373,22.812643,16.113466,26.528484,Sad
4681.0146,22.936296,15.034537,24.512226,Sad
3796.221,21.99656,13.77082,18.278118,Angry
4452.884,22.924265,16.435848,22.899294,Angry
4131.9346,20.520794,13.62645,18.850245,Angry
3606.5288,21.991821,11.9288,16.232035,Angry
4892.532,21.885305,20.029947,28.621086,Angry
4748.755,21.94035,19.709505,28.501013,Angry
4904.2583,22.733318,21.371967,30.397568,Angry
4941.692,22.04044,19.981989,29.077917,Angry
3524.8674,20.78161,12.32651,18.750628,Fearful
3320.0505,21.135412,13.122694,19.91698,Fearful
3850.2615,21.805738,11.89651,17.62815,Fearful
3948.502,21.130268,12.262396,18.66376,Fearful
5208.2827,21.668821,12.404397,18.351416,Fearful
4835.507,21.910503,14.849877,21.837437,Fearful
4873.284,21.662457,16.037338,24.05629,Fearful
4910.8535,21.359797,14.916818,23.02327,Fearful
4201.6504,20.219032,15.319503,22.790009,Disgust
3665.1003,21.456846,14.713593,22.3169,Disgust
4237.4214,20.58738,15.050062,22.751776,Disgust
4409.3975,21.25169,15.407598,23.362236,Disgust
5569.615,20.096533,18.585499,29.138273,Disgust
4001.5188,21.004091,17.086224,26.507748,Disgust
4724.361,19.73045,16.94418,25.70153,Disgust
5224.3022,20.144228,17.266375,27.078396,Disgust
3299.718,21.567907,15.033594,22.334126,Surprised
3404.9038,20.434387,13.929689,19.75382,Surprised
3607.8406,21.180014,15.531184,21.326176,Surprised
3710.316,21.361248,17.18193,24.774714,Surprised
4154.2417,19.838827,15.9320345,21.61562,Surprised
3876.0278,21.493622,13.541562,19.387508,Surprised
4403.445,20.984917,16.4646,22.319302,Surprised
4227.5796,21.04631,14.219882,19.214293,Surprised
3856.0283,18.83953,10.373931,14.173923,Neutral
3895.1218,19.020893,8.497441,11.56269,Neutral
4292.7466,19.524738,9.2246065,14.13101,Neutral
4179.9673,18.41962,9.897525,13.038613,Neutral
4367.5312,19.943163,13.96586,17.643726,Calm
4226.187,18.52374,16.863672,20.109386,Calm
4390.457,18.96603,15.615371,19.29603,Calm
4280.339,19.212229,13.615596,17.828142,Calm
4457.1733,18.761086,14.764477,19.848272,Calm
4564.6,19.713669,12.952678,19.81386,Calm
4731.486,20.352499,14.26253,18.392693,Calm
4581.381,21.62811,13.37911,19.31743,Calm
3857.8408,19.698298,17.855988,27.905956,Happy
4934.891,18.747677,18.510368,30.634157,Happy
3919.6401,20.271084,17.691597,28.537682,Happy
3820.0513,19.325804,19.041504,29.832743,Happy
4808.51,18.710546,19.358276,28.969894,Happy
4919.439,18.409288,17.55006,28.767986,Happy
5236.7017,20.225687,18.47318,30.766315,Happy
4465.141,19.159218,16.10487,26.559649,Happy
4212.9956,17.40344,10.599089,15.797706,Sad
4322.128,20.005762,9.746712,14.9379425,Sad
3873.1309,18.710516,10.948073,15.110381,Sad
4103.155,18.676912,7.46672,12.212162,Sad
4185.949,20.463675,19.07239,30.899939,Sad
4161.9263,19.915077,18.411983,30.098066,Sad
4182.9487,18.739092,16.928947,26.392271,Sad
3686.9314,20.22177,15.443817,25.509575,Sad
4287.9546,19.382496,14.61935,21.506416,Angry
4210.834,18.371143,16.921461,23.741177,Angry
4294.0005,19.837215,13.597614,20.360775,Angry
3969.0085,19.851435,14.526756,20.91532,Angry
4832.5845,18.34223,15.26021,22.446976,Angry
5051.63,18.685833,18.298237,26.287731,Angry
5056.844,19.176062,17.172205,24.726946,Angry
4719.9326,18.472073,15.114458,21.007023,Angry
4436.434,19.6068,11.329133,16.158003,Fearful
4023.906,19.871984,7.563018,10.936288,Fearful
4733.47,20.26904,7.965209,11.6562395,Fearful
4269.4517,18.148302,7.179712,10.999592,Fearful
5132.7563,19.300709,16.108603,26.626642,Fearful
5186.6484,18.903399,14.582287,22.430113,Fearful
4769.621,19.253593,15.120377,22.261421,Fearful
4962.7373,19.894745,14.274509,22.290916,Fearful
4548.7373,19.817629,19.081972,30.732124,Disgust
5234.4453,20.778133,18.41774,29.807018,Disgust
5078.876,19.470058,19.192429,31.447292,Disgust
5409.4443,19.035,18.989325,30.812431,Disgust
5080.066,19.765955,15.656048,24.255337,Disgust
6233.23,18.834057,17.757236,28.027285,Disgust
6069.5156,20.212465,17.449087,27.68112,Disgust
5164.803,17.110048,18.522604,26.728552,Disgust
4270.103,20.096928,13.87091,19.233667,Surprised
3867.1472,19.079273,12.776299,17.102558,Surprised
4400.1567,19.238571,11.794826,17.369143,Surprised
4106.5127,19.675924,15.179222,21.557245,Surprised
4519.901,18.976383,9.538914,14.20969,Surprised
4958.7407,19.816008,18.822113,27.970442,Surprised
3819.1047,19.145508,18.935701,24.707256,Surprised
4191.1484,19.375088,14.736079,22.861237,Surprised
3861.5073,20.86732,9.413995,11.94486,Neutral
4347.1704,21.155613,11.004843,14.231488,Neutral
3915.096,21.565653,7.6464176,10.295769,Neutral
4309.117,20.61213,8.997417,12.076978,Neutral
4071.3293,20.97534,12.766495,17.563791,Calm
3758.9463,20.202871,11.015756,15.918032,Calm
4019.9062,19.793007,11.403703,16.977533,Calm
3831.5776,19.214563,9.133601,13.232885,Calm
3734.6492,20.357586,9.277642,14.308419,Calm
4115.158,19.966375,11.962406,18.90606,Calm
3885.5364,21.047373,11.241163,16.513485,Calm
3803.8052,20.553967,11.080476,16.531036,Calm
3834.5374,21.729868,14.250257,18.833912,Happy
4130.6284,19.750551,14.42121,19.1791,Happy
4472.0933,21.141954,13.681479,17.669655,Happy
4128.61,20.758326,15.3391285,21.333265,Happy
3979.786,21.060467,16.961699,23.281696,Happy
4648.423,19.968655,15.818012,23.250807,Happy
4348.62,20.13464,14.159172,19.576658,Happy
5065.1943,21.417557,15.68769,21.837914,Happy
4670.7373,21.598778,10.307003,13.953983,Sad
4163.1,22.671732,10.293016,13.524937,Sad
3945.7627,21.159904,9.654231,12.635835,Sad
4090.4626,21.688917,10.454317,14.636432,Sad
4636.3813,23.226238,10.59884,15.068635,Sad
5027.9966,21.746101,13.217818,19.156162,Sad
4379.2256,22.585875,9.397637,13.185129,Sad
4640.139,22.15356,12.673696,18.525446,Sad
3619.5242,22.053154,11.368127,14.457563,Angry
4237.5327,22.132896,12.8070965,17.074492,Angry
4748.63,21.118042,13.9496765,19.636995,Angry
4892.44,21.776451,11.794597,16.904392,Angry
5674.8667,18.976665,10.7654295,15.263592,Angry
5247.7812,20.880747,18.479622,26.185875,Angry
5010.26,22.121338,17.388975,24.56006,Angry
5203.6987,19.436365,10.529975,14.796621,Angry
4176.705,20.20614,8.321274,11.618955,Fearful
4550.4087,19.792536,7.595981,10.688812,Fearful
4575.367,19.532291,6.261941,8.81684,Fearful
4153.444,19.330767,5.6565413,8.264122,Fearful
5900.3076,20.756176,13.359798,18.812487,Fearful
5729.158,20.37684,16.06149,20.434011,Fearful
5043.957,20.281681,12.274788,16.98617,Fearful
5636.3716,20.628994,16.151306,20.555063,Fearful
4200.5063,21.071514,13.522211,19.979145,Disgust
4280.1455,21.069616,13.390314,20.4216,Disgust
4300.739,20.01255,10.508237,16.079979,Disgust
4691.6,20.695843,14.10899,21.45379,Disgust
4248.394,20.803001,14.592253,19.992792,Disgust
4764.3643,21.673803,16.199713,24.76538,Disgust
5631.57,21.292532,16.665142,25.235104,Disgust
5103.452,20.432459,14.896929,21.422295,Disgust
3759.2056,21.637373,10.048482,13.421731,Surprised
4043.2087,21.93964,14.90789,21.27678,Surprised
3876.7354,20.380278,10.439703,14.327595,Surprised
3771.672,21.070436,10.777119,14.396575,Surprised
4509.34,20.640148,12.060541,17.536459,Surprised
3838.404,20.344772,14.838074,19.187239,Surprised
4656.1816,20.50818,10.655363,15.988991,Surprised
4163.208,20.511322,14.205077,19.807047,Surprised
3969.5571,18.86756,7.429762,10.913058,Neutral
4150.302,18.359045,7.8448915,11.032954,Neutral
3856.1758,19.378214,6.514299,9.0662775,Neutral
3994.7615,19.0321,7.325521,11.00437,Neutral
4013.6565,20.005869,9.550752,14.513798,Calm
4207.903,19.39889,9.007277,13.366831,Calm
4170.519,19.384377,9.306183,14.096103,Calm
4152.6914,19.284592,8.868551,13.322367,Calm
4282.183,20.473625,10.567072,15.820519,Calm
4342.977,19.304634,10.952895,16.647898,Calm
4695.4966,19.524391,11.968864,17.145432,Calm
4395.6367,20.016146,11.277706,16.903881,Calm
4041.7065,19.243586,12.369784,18.132853,Happy
4131.104,20.134644,12.327436,18.255526,Happy
4132.0166,19.452805,13.818728,20.639385,Happy
4137.5405,19.307775,11.215807,17.223793,Happy
4348.2,20.171259,15.542403,23.713936,Happy
4452.122,20.810581,15.258797,23.608969,Happy
4336.7725,19.99218,14.086767,22.294092,Happy
4218.1367,20.08914,15.967995,23.330442,Happy
4489.5586,20.483797,12.104088,18.51511,Sad
4507.3784,20.767075,12.373868,19.3873,Sad
4616.3516,19.5751,11.178331,15.730121,Sad
4460.9834,20.359388,12.564544,20.228659,Sad
4215.874,19.84705,14.802571,23.137634,Sad
4219.632,19.306103,16.730978,26.609718,Sad
4510.6,19.07649,16.462301,25.860298,Sad
4552.395,19.59511,17.226257,27.635267,Sad
4465.104,20.950907,14.232952,21.960424,Angry
4355.487,21.244623,12.651426,19.320232,Angry
4711.586,20.003733,13.074957,19.307705,Angry
4505.147,20.364412,13.93827,21.797068,Angry
4678.127,20.282341,15.04621,22.349148,Angry
5153.661,20.230198,15.211054,23.966658,Angry
4524.2236,19.896559,14.424076,22.382446,Angry
4952.316,19.871607,13.958048,21.650301,Angry
4366.048,19.972801,11.516397,17.101368,Fearful
4180.9863,19.946386,11.226189,16.000088,Fearful
4306.5083,19.085558,8.638445,13.010925,Fearful
4267.5493,19.581446,9.216969,13.725545,Fearful
4440.8,19.861576,9.012882,13.239811,Fearful
4484.9834,19.860123,9.929788,15.269911,Fearful
4271.2476,18.800749,9.591301,13.668811,Fearful
4189.599,18.638285,8.989922,12.677161,Fearful
4276.271,19.368261,12.734383,19.050201,Disgust
4498.9907,20.311724,14.771896,21.193712,Disgust
4112.8486,19.454151,15.6318865,23.409227,Disgust
4188.429,19.12182,14.660389,21.628696,Disgust
4299.9565,19.984941,13.830602,21.479431,Disgust
4414.1323,19.67977,12.8703985,19.242064,Disgust
4670.024,20.13257,13.784485,21.070412,Disgust
4470.993,18.99435,13.165243,20.552307,Disgust
4233.2476,19.993376,12.164129,17.570936,Surprised
4079.5625,19.74498,11.986606,17.10374,Surprised
4117.6025,19.12563,13.731477,18.528776,Surprised
4018.3335,20.328398,10.799861,14.021159,Surprised
4341.026,20.128096,11.4211645,15.61658,Surprised
4205.267,20.37072,12.930332,17.844297,Surprised
5337.2207,19.992603,11.803394,16.829102,Surprised
5486.5156,19.472927,10.271635,14.094966,Surprised
4275.165,19.81704,8.829563,13.180383,Neutral
4296.421,19.512213,8.8024645,13.255447,Neutral
4315.116,19.36532,8.740203,13.570294,Neutral
4270.1206,19.498966,8.615288,13.243895,Neutral
4596.437,20.005901,10.228198,15.471688,Calm
4606.1787,20.00066,10.247287,15.661522,Calm
4409.143,20.55538,11.850061,16.741909,Calm
4812.0103,21.411768,11.825659,16.948929,Calm
4594.6865,21.768425,13.967257,20.92505,Calm
4501.1987,20.659664,13.425771,20.887663,Calm
4186.891,21.042404,11.505647,16.531631,Calm
4757.219,20.415936,11.691685,17.811377,Calm
4119.7905,19.569502,14.211682,20.299532,Happy
4344.5327,19.998775,15.509548,22.552795,Happy
4185.3535,20.26744,14.922608,21.402105,Happy
4151.097,19.568735,14.582756,21.666964,Happy
4379.9307,19.651356,16.865698,22.813276,Happy
4508.947,19.642313,16.065474,24.62491,Happy
4889.378,19.969973,19.262306,26.499437,Happy
5090.9277,19.867788,17.58364,25.208828,Happy
4342.661,19.334808,7.8018737,12.038903,Sad
4270.8643,19.609184,8.265589,12.178299,Sad
4856.88,19.955036,6.698186,10.377897,Sad
4928.3564,18.765543,6.6798196,10.192856,Sad
4274.977,20.16746,8.66192,12.86183,Sad
4413.698,19.299414,9.07161,13.500124,Sad
4607.564,20.805567,7.947633,10.980897,Sad
4558.2715,19.844236,9.1071615,12.176734,Sad
4832.771,19.87651,13.236799,19.490824,Angry
4321.5103,18.928205,12.858429,18.772978,Angry
4548.931,19.078869,12.296077,17.776073,Angry
4753.9727,19.276789,12.091177,18.068453,Angry
4741.4326,19.377039,13.225176,19.114897,Angry
4514.828,19.738348,14.289179,21.491245,Angry
4900.134,19.33313,14.044548,20.055618,Angry
5126.5337,19.594591,14.224502,20.774548,Angry
4321.2197,19.422527,9.369762,14.132372,Fearful
4412.9087,19.815334,9.242572,13.734685,Fearful
4404.136,19.29494,9.054568,14.6523485,Fearful
4437.8906,18.863039,8.449974,14.042697,Fearful
4895.9746,19.170603,10.322282,15.782501,Fearful
4626.0527,19.957062,12.698069,17.452808,Fearful
4806.818,19.197033,10.820533,16.37677,Fearful
5103.5283,19.616774,10.848975,17.260214,Fearful
4433.6816,18.874928,11.713905,17.49781,Disgust
4361.1226,19.170918,11.35032,17.001205,Disgust
4592.814,19.171452,10.69122,16.811836,Disgust
4409.2153,19.273586,11.676622,18.048645,Disgust
4689.879,19.440125,14.545117,22.451725,Disgust
4669.2686,19.408274,12.82624,18.453503,Disgust
5210.9165,19.039059,11.468241,18.218805,Disgust
4828.2417,19.033817,13.73413,20.846031,Disgust
4201.462,19.872078,8.825628,13.812801,Surprised
4348.387,19.916546,8.261557,12.087465,Surprised
4226.187,18.544567,8.122725,11.850646,Surprised
4936.6475,19.516296,9.066176,13.358283,Surprised
4452.1045,19.17551,8.178329,12.80292,Surprised
4995.1885,19.158379,9.825216,15.222065,Surprised
4905.8105,18.9726,10.858092,14.853887,Surprised
4762.4917,18.68386,9.7589655,15.545579,Surprised
4161.6265,20.875856,8.813539,13.121574,Neutral
4135.1914,20.496088,8.463043,12.079411,Neutral
4280.073,20.484396,8.044398,12.184543,Neutral
3703.2473,20.528856,8.786382,13.351667,Neutral
4086.6611,20.125336,9.707369,14.7605915,Calm
4166.3555,20.422684,9.567963,13.973572,Calm
4071.324,20.283829,10.695862,15.420343,Calm
4086.3523,20.651031,9.4358015,14.571154,Calm
4059.346,20.556185,9.403022,13.827078,Calm
4050.368,20.278494,7.755167,12.19652,Calm
4061.936,20.697336,8.336789,12.825842,Calm
4462.718,20.037317,9.037864,14.310481,Calm
3615.704,19.755888,8.31454,12.311234,Happy
3859.2754,18.799486,9.57354,13.860605,Happy
3674.76,19.443638,10.105677,14.782714,Happy
3573.6597,18.955599,10.607292,15.392752,Happy
3911.1833,19.130508,10.65137,15.106045,Happy
3748.5735,18.890335,10.592736,15.159135,Happy
3313.9133,18.514513,12.041358,16.342817,Happy
3398.7173,19.643826,11.469878,15.717206,Happy
3571.9873,19.6328,8.106182,12.634417,Sad
3825.0603,19.37237,10.171709,14.921801,Sad
4403.657,20.07614,8.53107,12.2356415,Sad
3901.069,19.24178,8.098046,11.264785,Sad
4770.848,16.500078,9.943012,12.934978,Sad
4743.6216,19.547024,8.475061,11.588657,Sad
4218.464,18.879938,7.9117393,11.253074,Sad
4992.9863,17.61314,9.736196,12.902616,Sad
3582.8381,21.291422,11.514733,16.764414,Angry
3519.3984,21.039133,10.63767,15.271198,Angry
4074.446,19.979687,9.910989,14.180392,Angry
3996.3523,20.672203,9.931153,14.065173,Angry
4128.832,19.816519,13.333272,18.439959,Angry
4565.6294,19.786411,11.5038595,16.229212,Angry
4422.69,20.056992,13.200433,18.153704,Angry
4662.6553,19.156624,11.688364,15.778941,Angry
3985.341,20.006332,8.791812,12.266373,Fearful
3942.2468,19.986692,12.395733,17.140614,Fearful
4181.923,20.291105,9.5544615,12.761288,Fearful
3682.0178,19.63179,9.899129,13.945775,Fearful
4230.195,18.917677,7.725605,10.963711,Fearful
3646.2612,19.335882,11.179423,15.258401,Fearful
4341.399,19.403646,10.795802,15.108725,Fearful
3696.0613,19.394848,12.405307,17.857807,Fearful
4250.6006,20.72456,9.341652,13.671043,Disgust
4098.872,21.215542,9.814662,14.191622,Disgust
4361.462,21.451603,9.80089,14.397126,Disgust
4708.6943,21.50969,8.598724,12.729803,Disgust
4246.133,19.83676,15.015779,22.711262,Disgust
4417.119,22.352997,13.286338,21.061357,Disgust
4366.0146,20.230556,12.672803,19.103401,Disgust
4231.841,19.907118,12.629502,18.655792,Disgust
4205.648,19.580856,11.766797,15.853805,Surprised
4355.4214,20.030731,10.980343,15.626933,Surprised
4025.468,19.00875,10.93389,15.015859,Surprised
4157.0903,19.524467,10.341957,15.1370325,Surprised
4548.211,19.614252,10.758895,15.952979,Surprised
4300.259,19.44696,12.912664,16.02076,Surprised
3846.13,19.036825,10.092487,14.358094,Surprised
4344.308,19.649805,10.492236,14.69475,Surprised
3974.312,19.85771,11.247711,15.526562,Neutral
4226.5605,19.871832,11.421505,16.597181,Neutral
4317.581,19.316528,10.616279,15.59466,Neutral
4356.1484,19.51558,9.597587,13.799781,Neutral
4285.1562,20.51406,12.958837,18.67095,Calm
4005.7766,20.5088,14.625193,20.924057,Calm
5027.2573,19.575022,9.400234,13.637568,Calm
4843.4473,19.984528,11.135581,17.68528,Calm
4713.895,20.823006,15.152712,21.655935,Calm
4313.916,19.499409,12.915282,18.063803,Calm
4850.94,20.655302,14.159074,19.959585,Calm
5053.0547,20.2174,13.257466,18.50194,Calm
4319.4297,20.114027,16.097437,22.416344,Happy
4514.607,19.837273,15.806878,22.42108,Happy
4098.5586,20.007973,16.682013,22.943693,Happy
4737.2876,20.24486,15.987931,24.196642,Happy
4770.5127,20.560389,15.316892,23.381636,Happy
4548.527,19.47152,17.11134,24.056303,Happy
4796.434,20.730486,16.760397,26.38409,Happy
4853.5215,20.29444,14.914195,22.43956,Happy
4256.956,21.039293,9.006974,12.629897,Sad
4302.898,19.877413,9.62268,13.557388,Sad
4011.3318,20.242796,10.451232,14.166532,Sad
4290.565,21.134901,10.174669,14.091001,Sad
5079.4077,20.975403,14.902234,21.182138,Sad
5014.355,22.031967,11.710594,17.090187,Sad
5030.796,20.001284,13.469769,18.947208,Sad
4973.353,20.480347,9.972704,14.293682,Sad
4575.622,21.37494,10.376844,14.520269,Angry
4560.496,21.205317,8.87979,12.292481,Angry
4657.275,20.218092,14.266041,20.706663,Angry
4893.7554,20.652597,9.297864,13.150218,Angry
5011.008,20.847319,8.912021,13.532264,Angry
4624.6074,21.79296,11.854813,16.66513,Angry
4851.7417,20.699823,7.537293,10.962757,Angry
5344.047,20.568586,9.377911,13.376674,Angry
5152.3154,20.617249,6.985079,10.1953535,Fearful
4571.529,20.676838,7.3700337,10.469494,Fearful
5065.038,21.005299,8.050105,11.5506935,Fearful
4889.0576,19.493525,8.279346,11.984296,Fearful
4699.8125,22.516382,12.757341,17.531153,Fearful
5189.421,20.712036,7.438934,11.26727,Fearful
4495.1855,21.75404,12.589553,17.646627,Fearful
4630.2583,20.255981,13.692629,19.167973,Fearful
4105.3145,20.349316,10.439097,15.462929,Disgust
4612.421,21.232943,15.58827,23.178564,Disgust
5062.7876,20.861687,13.040989,18.954813,Disgust
4711.688,21.175991,13.746037,19.77074,Disgust
4995.4243,21.609476,15.499926,22.103287,Disgust
5448.005,23.18841,13.876125,21.22503,Disgust
5338.4556,21.644758,12.9421835,17.42469,Disgust
5181.705,21.17904,11.812901,17.295881,Disgust
4140.883,18.523619,12.161132,15.319627,Surprised
4387.857,21.20649,10.450712,13.482306,Surprised
4525.74,22.465778,14.264162,20.23267,Surprised
4605.0356,19.968811,13.2342415,19.86167,Surprised
4998.4727,19.82413,14.023502,18.948687,Surprised
4889.2915,21.332956,12.987103,19.721033,Surprised
4901.5063,21.149736,10.132974,14.210679,Surprised
4727.43,22.537197,13.397746,18.257751,Surprised
