file,actor,gender,emotion,label,intensity,statement,repetition,of_found
01-01-01-01-01-01-01.mp4,1,male,Neutral,0,1,1,1,True
01-01-01-01-01-02-01.mp4,1,male,Neutral,0,1,1,2,True
01-01-01-01-02-01-01.mp4,1,male,Neutral,0,1,2,1,True
01-01-01-01-02-02-01.mp4,1,male,Neutral,0,1,2,2,True
01-01-02-01-01-01-01.mp4,1,male,Calm,1,1,1,1,True
01-01-02-01-01-02-01.mp4,1,male,Calm,1,1,1,2,True
01-01-02-01-02-01-01.mp4,1,male,Calm,1,1,2,1,True
01-01-02-01-02-02-01.mp4,1,male,Calm,1,1,2,2,True
01-01-02-02-01-01-01.mp4,1,male,Calm,1,2,1,1,True
01-01-02-02-01-02-01.mp4,1,male,Calm,1,2,1,2,True
01-01-02-02-02-01-01.mp4,1,male,Calm,1,2,2,1,True
01-01-02-02-02-02-01.mp4,1,male,Calm,1,2,2,2,True
01-01-03-01-01-01-01.mp4,1,male,Happy,2,1,1,1,True
01-01-03-01-01-02-01.mp4,1,male,Happy,2,1,1,2,True
01-01-03-01-02-01-01.mp4,1,male,Happy,2,1,2,1,True
01-01-03-01-02-02-01.mp4,1,male,Happy,2,1,2,2,True
01-01-03-02-01-01-01.mp4,1,male,Happy,2,2,1,1,True
01-01-03-02-01-02-01.mp4,1,male,Happy,2,2,1,2,True
01-01-03-02-02-01-01.mp4,1,male,Happy,2,2,2,1,True
01-01-03-02-02-02-01.mp4,1,male,Happy,2,2,2,2,True
01-01-04-01-01-01-01.mp4,1,male,Sad,3,1,1,1,True
01-01-04-01-01-02-01.mp4,1,male,Sad,3,1,1,2,True
01-01-04-01-02-01-01.mp4,1,male,Sad,3,1,2,1,True
01-01-04-01-02-02-01.mp4,1,male,Sad,3,1,2,2,True
01-01-04-02-01-01-01.mp4,1,male,Sad,3,2,1,1,True
01-01-04-02-01-02-01.mp4,1,male,Sad,3,2,1,2,True
01-01-04-02-02-01-01.mp4,1,male,Sad,3,2,2,1,True
01-01-04-02-02-02-01.mp4,1,male,Sad,3,2,2,2,True
01-01-05-01-01-01-01.mp4,1,male,Angry,4,1,1,1,True
01-01-05-01-01-02-01.mp4,1,male,Angry,4,1,1,2,True
01-01-05-01-02-01-01.mp4,1,male,Angry,4,1,2,1,True
01-01-05-01-02-02-01.mp4,1,male,Angry,4,1,2,2,True
01-01-05-02-01-01-01.mp4,1,male,Angry,4,2,1,1,True
01-01-05-02-01-02-01.mp4,1,male,Angry,4,2,1,2,True
01-01-05-02-02-01-01.mp4,1,male,Angry,4,2,2,1,True
01-01-05-02-02-02-01.mp4,1,male,Angry,4,2,2,2,True
01-01-06-01-01-01-01.mp4,1,male,Fearful,5,1,1,1,True
01-01-06-01-01-02-01.mp4,1,male,Fearful,5,1,1,2,True
01-01-06-01-02-01-01.mp4,1,male,Fearful,5,1,2,1,True
01-01-06-01-02-02-01.mp4,1,male,Fearful,5,1,2,2,True
01-01-06-02-01-01-01.mp4,1,male,Fearful,5,2,1,1,True
01-01-06-02-01-02-01.mp4,1,male,Fearful,5,2,1,2,True
01-01-06-02-02-01-01.mp4,1,male,Fearful,5,2,2,1,True
01-01-06-02-02-02-01.mp4,1,male,Fearful,5,2,2,2,True
01-01-07-01-01-01-01.mp4,1,male,Disgust,6,1,1,1,True
01-01-07-01-01-02-01.mp4,1,male,Disgust,6,1,1,2,True
01-01-07-01-02-01-01.mp4,1,male,Disgust,6,1,2,1,True
01-01-07-01-02-02-01.mp4,1,male,Disgust,6,1,2,2,True
01-01-07-02-01-01-01.mp4,1,male,Disgust,6,2,1,1,True
01-01-07-02-01-02-01.mp4,1,male,Disgust,6,2,1,2,True
01-01-07-02-02-01-01.mp4,1,male,Disgust,6,2,2,1,True
01-01-07-02-02-02-01.mp4,1,male,Disgust,6,2,2,2,True
01-01-08-01-01-01-01.mp4,1,male,Surprised,7,1,1,1,True
01-01-08-01-01-02-01.mp4,1,male,Surprised,7,1,1,2,True
01-01-08-01-02-01-01.mp4,1,male,Surprised,7,1,2,1,True
01-01-08-01-02-02-01.mp4,1,male,Surprised,7,1,2,2,True
01-01-08-02-01-01-01.mp4,1,male,Surprised,7,2,1,1,True
01-01-08-02-01-02-01.mp4,1,male,Surprised,7,2,1,2,True
01-01-08-02-02-01-01.mp4,1,male,Surprised,7,2,2,1,True
01-01-08-02-02-02-01.mp4,1,male,Surprised,7,2,2,2,True
01-01-01-01-01-01-02.mp4,2,female,Neutral,0,1,1,1,True
01-01-01-01-01-02-02.mp4,2,female,Neutral,0,1,1,2,True
01-01-01-01-02-01-02.mp4,2,female,Neutral,0,1,2,1,True
01-01-01-01-02-02-02.mp4,2,female,Neutral,0,1,2,2,True
01-01-02-01-01-01-02.mp4,2,female,Calm,1,1,1,1,True
01-01-02-01-01-02-02.mp4,2,female,Calm,1,1,1,2,True
01-01-02-01-02-01-02.mp4,2,female,Calm,1,1,2,1,True
01-01-02-01-02-02-02.mp4,2,female,Calm,1,1,2,2,True
01-01-02-02-01-01-02.mp4,2,female,Calm,1,2,1,1,True
01-01-02-02-01-02-02.mp4,2,female,Calm,1,2,1,2,True
01-01-02-02-02-01-02.mp4,2,female,Calm,1,2,2,1,True
01-01-02-02-02-02-02.mp4,2,female,Calm,1,2,2,2,True
01-01-03-01-01-01-02.mp4,2,female,Happy,2,1,1,1,True
01-01-03-01-01-02-02.mp4,2,female,Happy,2,1,1,2,True
01-01-03-01-02-01-02.mp4,2,female,Happy,2,1,2,1,True
01-01-03-01-02-02-02.mp4,2,female,Happy,2,1,2,2,True
01-01-03-02-01-01-02.mp4,2,female,Happy,2,2,1,1,True
01-01-03-02-01-02-02.mp4,2,female,Happy,2,2,1,2,True
01-01-03-02-02-01-02.mp4,2,female,Happy,2,2,2,1,True
01-01-03-02-02-02-02.mp4,2,female,Happy,2,2,2,2,True
01-01-04-01-01-01-02.mp4,2,female,Sad,3,1,1,1,True
01-01-04-01-01-02-02.mp4,2,female,Sad,3,1,1,2,True
01-01-04-01-02-01-02.mp4,2,female,Sad,3,1,2,1,True
01-01-04-01-02-02-02.mp4,2,female,Sad,3,1,2,2,True
01-01-04-02-01-01-02.mp4,2,female,Sad,3,2,1,1,True
01-01-04-02-01-02-02.mp4,2,female,Sad,3,2,1,2,True
01-01-04-02-02-01-02.mp4,2,female,Sad,3,2,2,1,True
01-01-04-02-02-02-02.mp4,2,female,Sad,3,2,2,2,True
01-01-05-01-01-01-02.mp4,2,female,Angry,4,1,1,1,True
01-01-05-01-01-02-02.mp4,2,female,Angry,4,1,1,2,True
01-01-05-01-02-01-02.mp4,2,female,Angry,4,1,2,1,True
01-01-05-01-02-02-02.mp4,2,female,Angry,4,1,2,2,True
01-01-05-02-01-01-02.mp4,2,female,Angry,4,2,1,1,True
01-01-05-02-01-02-02.mp4,2,female,Angry,4,2,1,2,True
01-01-05-02-02-01-02.mp4,2,female,Angry,4,2,2,1,True
01-01-05-02-02-02-02.mp4,2,female,Angry,4,2,2,2,True
01-01-06-01-01-01-02.mp4,2,female,Fearful,5,1,1,1,True
01-01-06-01-01-02-02.mp4,2,female,Fearful,5,1,1,2,True
01-01-06-01-02-01-02.mp4,2,female,Fearful,5,1,2,1,True
01-01-06-01-02-02-02.mp4,2,female,Fearful,5,1,2,2,True
01-01-06-02-01-01-02.mp4,2,female,Fearful,5,2,1,1,True
01-01-06-02-01-02-02.mp4,2,female,Fearful,5,2,1,2,True
01-01-06-02-02-01-02.mp4,2,female,Fearful,5,2,2,1,True
01-01-06-02-02-02-02.mp4,2,female,Fearful,5,2,2,2,True
01-01-07-01-01-01-02.mp4,2,female,Disgust,6,1,1,1,True
01-01-07-01-01-02-02.mp4,2,female,Disgust,6,1,1,2,True
01-01-07-01-02-01-02.mp4,2,female,Disgust,6,1,2,1,True
01-01-07-01-02-02-02.mp4,2,female,Disgust,6,1,2,2,True
01-01-07-02-01-01-02.mp4,2,female,Disgust,6,2,1,1,True
01-01-07-02-01-02-02.mp4,2,female,Disgust,6,2,1,2,True
01-01-07-02-02-01-02.mp4,2,female,Disgust,6,2,2,1,True
01-01-07-02-02-02-02.mp4,2,female,Disgust,6,2,2,2,True
01-01-08-01-01-01-02.mp4,2,female,Surprised,7,1,1,1,True
01-01-08-01-01-02-02.mp4,2,female,Surprised,7,1,1,2,True
01-01-08-01-02-01-02.mp4,2,female,Surprised,7,1,2,1,True
01-01-08-01-02-02-02.mp4,2,female,Surprised,7,1,2,2,True
01-01-08-02-01-01-02.mp4,2,female,Surprised,7,2,1,1,True
01-01-08-02-01-02-02.mp4,2,female,Surprised,7,2,1,2,True
01-01-08-02-02-01-02.mp4,2,female,Surprised,7,2,2,1,True
01-01-08-02-02-02-02.mp4,2,female,Surprised,7,2,2,2,True
01-01-01-01-01-01-03.mp4,3,male,Neutral,0,1,1,1,True
01-01-01-01-01-02-03.mp4,3,male,Neutral,0,1,1,2,True
01-01-01-01-02-01-03.mp4,3,male,Neutral,0,1,2,1,True
01-01-01-01-02-02-03.mp4,3,male,Neutral,0,1,2,2,True
01-01-02-01-01-01-03.mp4,3,male,Calm,1,1,1,1,True
01-01-02-01-01-02-03.mp4,3,male,Calm,1,1,1,2,True
01-01-02-01-02-01-03.mp4,3,male,Calm,1,1,2,1,True
01-01-02-01-02-02-03.mp4,3,male,Calm,1,1,2,2,True
01-01-02-02-01-01-03.mp4,3,male,Calm,1,2,1,1,True
01-01-02-02-01-02-03.mp4,3,male,Calm,1,2,1,2,True
01-01-02-02-02-01-03.mp4,3,male,Calm,1,2,2,1,True
01-01-02-02-02-02-03.mp4,3,male,Calm,1,2,2,2,True
01-01-03-01-01-01-03.mp4,3,male,Happy,2,1,1,1,True
01-01-03-01-01-02-03.mp4,3,male,Happy,2,1,1,2,True
01-01-03-01-02-01-03.mp4,3,male,Happy,2,1,2,1,True
01-01-03-01-02-02-03.mp4,3,male,Happy,2,1,2,2,True
01-01-03-02-01-01-03.mp4,3,male,Happy,2,2,1,1,True
01-01-03-02-01-02-03.mp4,3,male,Happy,2,2,1,2,True
01-01-03-02-02-01-03.mp4,3,male,Happy,2,2,2,1,True
01-01-03-02-02-02-03.mp4,3,male,Happy,2,2,2,2,True
01-01-04-01-01-01-03.mp4,3,male,Sad,3,1,1,1,True
01-01-04-01-01-02-03.mp4,3,male,Sad,3,1,1,2,True
01-01-04-01-02-01-03.mp4,3,male,Sad,3,1,2,1,True
01-01-04-01-02-02-03.mp4,3,male,Sad,3,1,2,2,True
01-01-04-02-01-01-03.mp4,3,male,Sad,3,2,1,1,True
01-01-04-02-01-02-03.mp4,3,male,Sad,3,2,1,2,True
01-01-04-02-02-01-03.mp4,3,male,Sad,3,2,2,1,True
01-01-04-02-02-02-03.mp4,3,male,Sad,3,2,2,2,True
01-01-05-01-01-01-03.mp4,3,male,Angry,4,1,1,1,True
01-01-05-01-01-02-03.mp4,3,male,Angry,4,1,1,2,True
01-01-05-01-02-01-03.mp4,3,male,Angry,4,1,2,1,True
01-01-05-01-02-02-03.mp4,3,male,Angry,4,1,2,2,True
01-01-05-02-01-01-03.mp4,3,male,Angry,4,2,1,1,True
01-01-05-02-01-02-03.mp4,3,male,Angry,4,2,1,2,True
01-01-05-02-02-01-03.mp4,3,male,Angry,4,2,2,1,True
01-01-05-02-02-02-03.mp4,3,male,Angry,4,2,2,2,True
01-01-06-01-01-01-03.mp4,3,male,Fearful,5,1,1,1,True
01-01-06-01-01-02-03.mp4,3,male,Fearful,5,1,1,2,True
01-01-06-01-02-01-03.mp4,3,male,Fearful,5,1,2,1,True
01-01-06-01-02-02-03.mp4,3,male,Fearful,5,1,2,2,True
01-01-06-02-01-01-03.mp4,3,male,Fearful,5,2,1,1,True
01-01-06-02-01-02-03.mp4,3,male,Fearful,5,2,1,2,True
01-01-06-02-02-01-03.mp4,3,male,Fearful,5,2,2,1,True
01-01-06-02-02-02-03.mp4,3,male,Fearful,5,2,2,2,True
01-01-07-01-01-01-03.mp4,3,male,Disgust,6,1,1,1,True
01-01-07-01-01-02-03.mp4,3,male,Disgust,6,1,1,2,True
01-01-07-01-02-01-03.mp4,3,male,Disgust,6,1,2,1,True
01-01-07-01-02-02-03.mp4,3,male,Disgust,6,1,2,2,True
01-01-07-02-01-01-03.mp4,3,male,Disgust,6,2,1,1,True
01-01-07-02-01-02-03.mp4,3,male,Disgust,6,2,1,2,True
01-01-07-02-02-01-03.mp4,3,male,Disgust,6,2,2,1,True
01-01-07-02-02-02-03.mp4,3,male,Disgust,6,2,2,2,True
01-01-08-01-01-01-03.mp4,3,male,Surprised,7,1,1,1,True
01-01-08-01-01-02-03.mp4,3,male,Surprised,7,1,1,2,True
01-01-08-01-02-01-03.mp4,3,male,Surprised,7,1,2,1,True
01-01-08-01-02-02-03.mp4,3,male,Surprised,7,1,2,2,True
01-01-08-02-01-01-03.mp4,3,male,Surprised,7,2,1,1,True
01-01-08-02-01-02-03.mp4,3,male,Surprised,7,2,1,2,True
01-01-08-02-02-01-03.mp4,3,male,Surprised,7,2,2,1,True
01-01-08-02-02-02-03.mp4,3,male,Surprised,7,2,2,2,True
01-01-01-01-01-01-04.mp4,4,female,Neutral,0,1,1,1,True
01-01-01-01-01-02-04.mp4,4,female,Neutral,0,1,1,2,True
01-01-01-01-02-01-04.mp4,4,female,Neutral,0,1,2,1,True
01-01-01-01-02-02-04.mp4,4,female,Neutral,0,1,2,2,True
01-01-02-01-01-01-04.mp4,4,female,Calm,1,1,1,1,True
01-01-02-01-01-02-04.mp4,4,female,Calm,1,1,1,2,True
01-01-02-01-02-01-04.mp4,4,female,Calm,1,1,2,1,True
01-01-02-01-02-02-04.mp4,4,female,Calm,1,1,2,2,True
01-01-02-02-01-01-04.mp4,4,female,Calm,1,2,1,1,True
01-01-02-02-01-02-04.mp4,4,female,Calm,1,2,1,2,True
01-01-02-02-02-01-04.mp4,4,female,Calm,1,2,2,1,True
01-01-02-02-02-02-04.mp4,4,female,Calm,1,2,2,2,True
01-01-03-01-01-01-04.mp4,4,female,Happy,2,1,1,1,True
01-01-03-01-01-02-04.mp4,4,female,Happy,2,1,1,2,True
01-01-03-01-02-01-04.mp4,4,female,Happy,2,1,2,1,True
01-01-03-01-02-02-04.mp4,4,female,Happy,2,1,2,2,True
01-01-03-02-01-01-04.mp4,4,female,Happy,2,2,1,1,True
01-01-03-02-01-02-04.mp4,4,female,Happy,2,2,1,2,True
01-01-03-02-02-01-04.mp4,4,female,Happy,2,2,2,1,True
01-01-03-02-02-02-04.mp4,4,female,Happy,2,2,2,2,True
01-01-04-01-01-01-04.mp4,4,female,Sad,3,1,1,1,True
01-01-04-01-01-02-04.mp4,4,female,Sad,3,1,1,2,True
01-01-04-01-02-01-04.mp4,4,female,Sad,3,1,2,1,True
01-01-04-01-02-02-04.mp4,4,female,Sad,3,1,2,2,True
01-01-04-02-01-01-04.mp4,4,female,Sad,3,2,1,1,True
01-01-04-02-01-02-04.mp4,4,female,Sad,3,2,1,2,True
01-01-04-02-02-01-04.mp4,4,female,Sad,3,2,2,1,True
01-01-04-02-02-02-04.mp4,4,female,Sad,3,2,2,2,True
01-01-05-01-01-01-04.mp4,4,female,Angry,4,1,1,1,True
01-01-05-01-01-02-04.mp4,4,female,Angry,4,1,1,2,True
01-01-05-01-02-01-04.mp4,4,female,Angry,4,1,2,1,True
01-01-05-01-02-02-04.mp4,4,female,Angry,4,1,2,2,True
01-01-05-02-01-01-04.mp4,4,female,Angry,4,2,1,1,True
01-01-05-02-01-02-04.mp4,4,female,Angry,4,2,1,2,True
01-01-05-02-02-01-04.mp4,4,female,Angry,4,2,2,1,True
01-01-05-02-02-02-04.mp4,4,female,Angry,4,2,2,2,True
01-01-06-01-01-01-04.mp4,4,female,Fearful,5,1,1,1,True
01-01-06-01-01-02-04.mp4,4,female,Fearful,5,1,1,2,True
01-01-06-01-02-01-04.mp4,4,female,Fearful,5,1,2,1,True
01-01-06-01-02-02-04.mp4,4,female,Fearful,5,1,2,2,True
01-01-06-02-01-01-04.mp4,4,female,Fearful,5,2,1,1,True
01-01-06-02-01-02-04.mp4,4,female,Fearful,5,2,1,2,True
01-01-06-02-02-01-04.mp4,4,female,Fearful,5,2,2,1,True
01-01-06-02-02-02-04.mp4,4,female,Fearful,5,2,2,2,True
01-01-07-01-01-01-04.mp4,4,female,Disgust,6,1,1,1,True
01-01-07-01-01-02-04.mp4,4,female,Disgust,6,1,1,2,True
01-01-07-01-02-01-04.mp4,4,female,Disgust,6,1,2,1,True
01-01-07-01-02-02-04.mp4,4,female,Disgust,6,1,2,2,True
01-01-07-02-01-01-04.mp4,4,female,Disgust,6,2,1,1,True
01-01-07-02-01-02-04.mp4,4,female,Disgust,6,2,1,2,True
01-01-07-02-02-01-04.mp4,4,female,Disgust,6,2,2,1,True
01-01-07-02-02-02-04.mp4,4,female,Disgust,6,2,2,2,True
01-01-08-01-01-01-04.mp4,4,female,Surprised,7,1,1,1,True
01-01-08-01-01-02-04.mp4,4,female,Surprised,7,1,1,2,True
01-01-08-01-02-01-04.mp4,4,female,Surprised,7,1,2,1,True
01-01-08-01-02-02-04.mp4,4,female,Surprised,7,1,2,2,True
01-01-08-02-01-01-04.mp4,4,female,Surprised,7,2,1,1,True
01-01-08-02-01-02-04.mp4,4,female,Surprised,7,2,1,2,True
01-01-08-02-02-01-04.mp4,4,female,Surprised,7,2,2,1,True
01-01-08-02-02-02-04.mp4,4,female,Surprised,7,2,2,2,True
01-01-01-01-01-01-05.mp4,5,male,Neutral,0,1,1,1,True
01-01-01-01-01-02-05.mp4,5,male,Neutral,0,1,1,2,True
01-01-01-01-02-01-05.mp4,5,male,Neutral,0,1,2,1,True
01-01-01-01-02-02-05.mp4,5,male,Neutral,0,1,2,2,True
01-01-02-01-01-01-05.mp4,5,male,Calm,1,1,1,1,True
01-01-02-01-01-02-05.mp4,5,male,Calm,1,1,1,2,True
01-01-02-01-02-01-05.mp4,5,male,Calm,1,1,2,1,True
01-01-02-01-02-02-05.mp4,5,male,Calm,1,1,2,2,True
01-01-02-02-01-01-05.mp4,5,male,Calm,1,2,1,1,True
01-01-02-02-01-02-05.mp4,5,male,Calm,1,2,1,2,True
01-01-02-02-02-01-05.mp4,5,male,Calm,1,2,2,1,True
01-01-02-02-02-02-05.mp4,5,male,Calm,1,2,2,2,True
01-01-03-01-01-01-05.mp4,5,male,Happy,2,1,1,1,True
01-01-03-01-01-02-05.mp4,5,male,Happy,2,1,1,2,True
01-01-03-01-02-01-05.mp4,5,male,Happy,2,1,2,1,True
01-01-03-01-02-02-05.mp4,5,male,Happy,2,1,2,2,True
01-01-03-02-01-01-05.mp4,5,male,Happy,2,2,1,1,True
01-01-03-02-01-02-05.mp4,5,male,Happy,2,2,1,2,True
01-01-03-02-02-01-05.mp4,5,male,Happy,2,2,2,1,True
01-01-03-02-02-02-05.mp4,5,male,Happy,2,2,2,2,True
01-01-04-01-01-01-05.mp4,5,male,Sad,3,1,1,1,True
01-01-04-01-01-02-05.mp4,5,male,Sad,3,1,1,2,True
01-01-04-01-02-01-05.mp4,5,male,Sad,3,1,2,1,True
01-01-04-01-02-02-05.mp4,5,male,Sad,3,1,2,2,True
01-01-04-02-01-01-05.mp4,5,male,Sad,3,2,1,1,True
01-01-04-02-01-02-05.mp4,5,male,Sad,3,2,1,2,True
01-01-04-02-02-01-05.mp4,5,male,Sad,3,2,2,1,True
01-01-04-02-02-02-05.mp4,5,male,Sad,3,2,2,2,True
01-01-05-01-01-01-05.mp4,5,male,Angry,4,1,1,1,True
01-01-05-01-01-02-05.mp4,5,male,Angry,4,1,1,2,True
01-01-05-01-02-01-05.mp4,5,male,Angry,4,1,2,1,True
01-01-05-01-02-02-05.mp4,5,male,Angry,4,1,2,2,True
01-01-05-02-01-01-05.mp4,5,male,Angry,4,2,1,1,True
01-01-05-02-01-02-05.mp4,5,male,Angry,4,2,1,2,True
01-01-05-02-02-01-05.mp4,5,male,Angry,4,2,2,1,True
01-01-05-02-02-02-05.mp4,5,male,Angry,4,2,2,2,True
01-01-06-01-01-01-05.mp4,5,male,Fearful,5,1,1,1,True
01-01-06-01-01-02-05.mp4,5,male,Fearful,5,1,1,2,True
01-01-06-01-02-01-05.mp4,5,male,Fearful,5,1,2,1,True
01-01-06-01-02-02-05.mp4,5,male,Fearful,5,1,2,2,True
01-01-06-02-01-01-05.mp4,5,male,Fearful,5,2,1,1,True
01-01-06-02-01-02-05.mp4,5,male,Fearful,5,2,1,2,True
01-01-06-02-02-01-05.mp4,5,male,Fearful,5,2,2,1,True
01-01-06-02-02-02-05.mp4,5,male,Fearful,5,2,2,2,True
01-01-07-01-01-01-05.mp4,5,male,Disgust,6,1,1,1,True
01-01-07-01-01-02-05.mp4,5,male,Disgust,6,1,1,2,True
01-01-07-01-02-01-05.mp4,5,male,Disgust,6,1,2,1,True
01-01-07-01-02-02-05.mp4,5,male,Disgust,6,1,2,2,True
01-01-07-02-01-01-05.mp4,5,male,Disgust,6,2,1,1,True
01-01-07-02-01-02-05.mp4,5,male,Disgust,6,2,1,2,True
01-01-07-02-02-01-05.mp4,5,male,Disgust,6,2,2,1,True
01-01-07-02-02-02-05.mp4,5,male,Disgust,6,2,2,2,True
01-01-08-01-01-01-05.mp4,5,male,Surprised,7,1,1,1,True
01-01-08-01-01-02-05.mp4,5,male,Surprised,7,1,1,2,True
01-01-08-01-02-01-05.mp4,5,male,Surprised,7,1,2,1,True
01-01-08-01-02-02-05.mp4,5,male,Surprised,7,1,2,2,True
01-01-08-02-01-01-05.mp4,5,male,Surprised,7,2,1,1,True
01-01-08-02-01-02-05.mp4,5,male,Surprised,7,2,1,2,True
01-01-08-02-02-01-05.mp4,5,male,Surprised,7,2,2,1,True
01-01-08-02-02-02-05.mp4,5,male,Surprised,7,2,2,2,True
01-01-01-01-01-01-06.mp4,6,female,Neutral,0,1,1,1,True
01-01-01-01-01-02-06.mp4,6,female,Neutral,0,1,1,2,True
01-01-01-01-02-01-06.mp4,6,female,Neutral,0,1,2,1,True
01-01-01-01-02-02-06.mp4,6,female,Neutral,0,1,2,2,True
01-01-02-01-01-01-06.mp4,6,female,Calm,1,1,1,1,True
01-01-02-01-01-02-06.mp4,6,female,Calm,1,1,1,2,True
01-01-02-01-02-01-06.mp4,6,female,Calm,1,1,2,1,True
01-01-02-01-02-02-06.mp4,6,female,Calm,1,1,2,2,True
01-01-02-02-01-01-06.mp4,6,female,Calm,1,2,1,1,True
01-01-02-02-01-02-06.mp4,6,female,Calm,1,2,1,2,True
01-01-02-02-02-01-06.mp4,6,female,Calm,1,2,2,1,True
01-01-02-02-02-02-06.mp4,6,female,Calm,1,2,2,2,True
01-01-03-01-01-01-06.mp4,6,female,Happy,2,1,1,1,True
01-01-03-01-01-02-06.mp4,6,female,Happy,2,1,1,2,True
01-01-03-01-02-01-06.mp4,6,female,Happy,2,1,2,1,True
01-01-03-01-02-02-06.mp4,6,female,Happy,2,1,2,2,True
01-01-03-02-01-01-06.mp4,6,female,Happy,2,2,1,1,True
01-01-03-02-01-02-06.mp4,6,female,Happy,2,2,1,2,True
01-01-03-02-02-01-06.mp4,6,female,Happy,2,2,2,1,True
01-01-03-02-02-02-06.mp4,6,female,Happy,2,2,2,2,True
01-01-04-01-01-01-06.mp4,6,female,Sad,3,1,1,1,True
01-01-04-01-01-02-06.mp4,6,female,Sad,3,1,1,2,True
01-01-04-01-02-01-06.mp4,6,female,Sad,3,1,2,1,True
01-01-04-01-02-02-06.mp4,6,female,Sad,3,1,2,2,True
01-01-04-02-01-01-06.mp4,6,female,Sad,3,2,1,1,True
01-01-04-02-01-02-06.mp4,6,female,Sad,3,2,1,2,True
01-01-04-02-02-01-06.mp4,6,female,Sad,3,2,2,1,True
01-01-04-02-02-02-06.mp4,6,female,Sad,3,2,2,2,True
01-01-05-01-01-01-06.mp4,6,female,Angry,4,1,1,1,True
01-01-05-01-01-02-06.mp4,6,female,Angry,4,1,1,2,True
01-01-05-01-02-01-06.mp4,6,female,Angry,4,1,2,1,True
01-01-05-01-02-02-06.mp4,6,female,Angry,4,1,2,2,True
01-01-05-02-01-01-06.mp4,6,female,Angry,4,2,1,1,True
01-01-05-02-01-02-06.mp4,6,female,Angry,4,2,1,2,True
01-01-05-02-02-01-06.mp4,6,female,Angry,4,2,2,1,True
01-01-05-02-02-02-06.mp4,6,female,Angry,4,2,2,2,True
01-01-06-01-01-01-06.mp4,6,female,Fearful,5,1,1,1,True
01-01-06-01-01-02-06.mp4,6,female,Fearful,5,1,1,2,True
01-01-06-01-02-01-06.mp4,6,female,Fearful,5,1,2,1,True
01-01-06-01-02-02-06.mp4,6,female,Fearful,5,1,2,2,True
01-01-06-02-01-01-06.mp4,6,female,Fearful,5,2,1,1,True
01-01-06-02-01-02-06.mp4,6,female,Fearful,5,2,1,2,True
01-01-06-02-02-01-06.mp4,6,female,Fearful,5,2,2,1,True
01-01-06-02-02-02-06.mp4,6,female,Fearful,5,2,2,2,True
01-01-07-01-01-01-06.mp4,6,female,Disgust,6,1,1,1,True
01-01-07-01-01-02-06.mp4,6,female,Disgust,6,1,1,2,True
01-01-07-01-02-01-06.mp4,6,female,Disgust,6,1,2,1,True
01-01-07-01-02-02-06.mp4,6,female,Disgust,6,1,2,2,True
01-01-07-02-01-01-06.mp4,6,female,Disgust,6,2,1,1,True
01-01-07-02-01-02-06.mp4,6,female,Disgust,6,2,1,2,True
01-01-07-02-02-01-06.mp4,6,female,Disgust,6,2,2,1,True
01-01-07-02-02-02-06.mp4,6,female,Disgust,6,2,2,2,True
01-01-08-01-01-01-06.mp4,6,female,Surprised,7,1,1,1,True
01-01-08-01-01-02-06.mp4,6,female,Surprised,7,1,1,2,True
01-01-08-01-02-01-06.mp4,6,female,Surprised,7,1,2,1,True
01-01-08-01-02-02-06.mp4,6,female,Surprised,7,1,2,2,True
01-01-08-02-01-01-06.mp4,6,female,Surprised,7,2,1,1,True
01-01-08-02-01-02-06.mp4,6,female,Surprised,7,2,1,2,True
01-01-08-02-02-01-06.mp4,6,female,Surprised,7,2,2,1,True
01-01-08-02-02-02-06.mp4,6,female,Surprised,7,2,2,2,True
01-01-01-01-01-01-07.mp4,7,male,Neutral,0,1,1,1,True
01-01-01-01-01-02-07.mp4,7,male,Neutral,0,1,1,2,True
01-01-01-01-02-01-07.mp4,7,male,Neutral,0,1,2,1,True
01-01-01-01-02-02-07.mp4,7,male,Neutral,0,1,2,2,True
01-01-02-01-01-01-07.mp4,7,male,Calm,1,1,1,1,True
01-01-02-01-01-02-07.mp4,7,male,Calm,1,1,1,2,True
01-01-02-01-02-01-07.mp4,7,male,Calm,1,1,2,1,True
01-01-02-01-02-02-07.mp4,7,male,Calm,1,1,2,2,True
01-01-02-02-01-01-07.mp4,7,male,Calm,1,2,1,1,True
01-01-02-02-01-02-07.mp4,7,male,Calm,1,2,1,2,True
01-01-02-02-02-01-07.mp4,7,male,Calm,1,2,2,1,True
01-01-02-02-02-02-07.mp4,7,male,Calm,1,2,2,2,True
01-01-03-01-01-01-07.mp4,7,male,Happy,2,1,1,1,True
01-01-03-01-01-02-07.mp4,7,male,Happy,2,1,1,2,True
01-01-03-01-02-01-07.mp4,7,male,Happy,2,1,2,1,True
01-01-03-01-02-02-07.mp4,7,male,Happy,2,1,2,2,True
01-01-03-02-01-01-07.mp4,7,male,Happy,2,2,1,1,True
01-01-03-02-01-02-07.mp4,7,male,Happy,2,2,1,2,True
01-01-03-02-02-01-07.mp4,7,male,Happy,2,2,2,1,True
01-01-03-02-02-02-07.mp4,7,male,Happy,2,2,2,2,True
01-01-04-01-01-01-07.mp4,7,male,Sad,3,1,1,1,True
01-01-04-01-01-02-07.mp4,7,male,Sad,3,1,1,2,True
01-01-04-01-02-01-07.mp4,7,male,Sad,3,1,2,1,True
01-01-04-01-02-02-07.mp4,7,male,Sad,3,1,2,2,True
01-01-04-02-01-01-07.mp4,7,male,Sad,3,2,1,1,True
01-01-04-02-01-02-07.mp4,7,male,Sad,3,2,1,2,True
01-01-04-02-02-01-07.mp4,7,male,Sad,3,2,2,1,True
01-01-04-02-02-02-07.mp4,7,male,Sad,3,2,2,2,True
01-01-05-01-01-01-07.mp4,7,male,Angry,4,1,1,1,True
01-01-05-01-01-02-07.mp4,7,male,Angry,4,1,1,2,True
01-01-05-01-02-01-07.mp4,7,male,Angry,4,1,2,1,True
01-01-05-01-02-02-07.mp4,7,male,Angry,4,1,2,2,True
01-01-05-02-01-01-07.mp4,7,male,Angry,4,2,1,1,True
01-01-05-02-01-02-07.mp4,7,male,Angry,4,2,1,2,True
01-01-05-02-02-01-07.mp4,7,male,Angry,4,2,2,1,True
01-01-05-02-02-02-07.mp4,7,male,Angry,4,2,2,2,True
01-01-06-01-01-01-07.mp4,7,male,Fearful,5,1,1,1,True
01-01-06-01-01-02-07.mp4,7,male,Fearful,5,1,1,2,True
01-01-06-01-02-01-07.mp4,7,male,Fearful,5,1,2,1,True
01-01-06-01-02-02-07.mp4,7,male,Fearful,5,1,2,2,True
01-01-06-02-01-01-07.mp4,7,male,Fearful,5,2,1,1,True
01-01-06-02-01-02-07.mp4,7,male,Fearful,5,2,1,2,True
01-01-06-02-02-01-07.mp4,7,male,Fearful,5,2,2,1,True
01-01-06-02-02-02-07.mp4,7,male,Fearful,5,2,2,2,True
01-01-07-01-01-01-07.mp4,7,male,Disgust,6,1,1,1,True
01-01-07-01-01-02-07.mp4,7,male,Disgust,6,1,1,2,True
01-01-07-01-02-01-07.mp4,7,male,Disgust,6,1,2,1,True
01-01-07-01-02-02-07.mp4,7,male,Disgust,6,1,2,2,True
01-01-07-02-01-01-07.mp4,7,male,Disgust,6,2,1,1,True
01-01-07-02-01-02-07.mp4,7,male,Disgust,6,2,1,2,True
01-01-07-02-02-01-07.mp4,7,male,Disgust,6,2,2,1,True
01-01-07-02-02-02-07.mp4,7,male,Disgust,6,2,2,2,True
01-01-08-01-01-01-07.mp4,7,male,Surprised,7,1,1,1,True
01-01-08-01-01-02-07.mp4,7,male,Surprised,7,1,1,2,True
01-01-08-01-02-01-07.mp4,7,male,Surprised,7,1,2,1,True
01-01-08-01-02-02-07.mp4,7,male,Surprised,7,1,2,2,True
01-01-08-02-01-01-07.mp4,7,male,Surprised,7,2,1,1,True
01-01-08-02-01-02-07.mp4,7,male,Surprised,7,2,1,2,True
01-01-08-02-02-01-07.mp4,7,male,Surprised,7,2,2,1,True
01-01-08-02-02-02-07.mp4,7,male,Surprised,7,2,2,2,True
01-01-01-01-01-01-08.mp4,8,female,Neutral,0,1,1,1,True
01-01-01-01-01-02-08.mp4,8,female,Neutral,0,1,1,2,True
01-01-01-01-02-01-08.mp4,8,female,Neutral,0,1,2,1,True
01-01-01-01-02-02-08.mp4,8,female,Neutral,0,1,2,2,True
01-01-02-01-01-01-08.mp4,8,female,Calm,1,1,1,1,True
01-01-02-01-01-02-08.mp4,8,female,Calm,1,1,1,2,True
01-01-02-01-02-01-08.mp4,8,female,Calm,1,1,2,1,True
01-01-02-01-02-02-08.mp4,8,female,Calm,1,1,2,2,True
01-01-02-02-01-01-08.mp4,8,female,Calm,1,2,1,1,True
01-01-02-02-01-02-08.mp4,8,female,Calm,1,2,1,2,True
01-01-02-02-02-01-08.mp4,8,female,Calm,1,2,2,1,True
01-01-02-02-02-02-08.mp4,8,female,Calm,1,2,2,2,True
01-01-03-01-01-01-08.mp4,8,female,Happy,2,1,1,1,True
01-01-03-01-01-02-08.mp4,8,female,Happy,2,1,1,2,True
01-01-03-01-02-01-08.mp4,8,female,Happy,2,1,2,1,True
01-01-03-01-02-02-08.mp4,8,female,Happy,2,1,2,2,True
01-01-03-02-01-01-08.mp4,8,female,Happy,2,2,1,1,True
01-01-03-02-01-02-08.mp4,8,female,Happy,2,2,1,2,True
01-01-03-02-02-01-08.mp4,8,female,Happy,2,2,2,1,True
01-01-03-02-02-02-08.mp4,8,female,Happy,2,2,2,2,True
01-01-04-01-01-01-08.mp4,8,female,Sad,3,1,1,1,True
01-01-04-01-01-02-08.mp4,8,female,Sad,3,1,1,2,True
01-01-04-01-02-01-08.mp4,8,female,Sad,3,1,2,1,True
01-01-04-01-02-02-08.mp4,8,female,Sad,3,1,2,2,True
01-01-04-02-01-01-08.mp4,8,female,Sad,3,2,1,1,True
01-01-04-02-01-02-08.mp4,8,female,Sad,3,2,1,2,True
01-01-04-02-02-01-08.mp4,8,female,Sad,3,2,2,1,True
01-01-04-02-02-02-08.mp4,8,female,Sad,3,2,2,2,True
01-01-05-01-01-01-08.mp4,8,female,Angry,4,1,1,1,True
01-01-05-01-01-02-08.mp4,8,female,Angry,4,1,1,2,True
01-01-05-01-02-01-08.mp4,8,female,Angry,4,1,2,1,True
01-01-05-01-02-02-08.mp4,8,female,Angry,4,1,2,2,True
01-01-05-02-01-01-08.mp4,8,female,Angry,4,2,1,1,True
01-01-05-02-01-02-08.mp4,8,female,Angry,4,2,1,2,True
01-01-05-02-02-01-08.mp4,8,female,Angry,4,2,2,1,True
01-01-05-02-02-02-08.mp4,8,female,Angry,4,2,2,2,True
01-01-06-01-01-01-08.mp4,8,female,Fearful,5,1,1,1,True
01-01-06-01-01-02-08.mp4,8,female,Fearful,5,1,1,2,True
01-01-06-01-02-01-08.mp4,8,female,Fearful,5,1,2,1,True
01-01-06-01-02-02-08.mp4,8,female,Fearful,5,1,2,2,True
01-01-06-02-01-01-08.mp4,8,female,Fearful,5,2,1,1,True
01-01-06-02-01-02-08.mp4,8,female,Fearful,5,2,1,2,True
01-01-06-02-02-01-08.mp4,8,female,Fearful,5,2,2,1,True
01-01-06-02-02-02-08.mp4,8,female,Fearful,5,2,2,2,True
01-01-07-01-01-01-08.mp4,8,female,Disgust,6,1,1,1,True
01-01-07-01-01-02-08.mp4,8,female,Disgust,6,1,1,2,True
01-01-07-01-02-01-08.mp4,8,female,Disgust,6,1,2,1,True
01-01-07-01-02-02-08.mp4,8,female,Disgust,6,1,2,2,True
01-01-07-02-01-01-08.mp4,8,female,Disgust,6,2,1,1,True
01-01-07-02-01-02-08.mp4,8,female,Disgust,6,2,1,2,True
01-01-07-02-02-01-08.mp4,8,female,Disgust,6,2,2,1,True
01-01-07-02-02-02-08.mp4,8,female,Disgust,6,2,2,2,True
01-01-08-01-01-01-08.mp4,8,female,Surprised,7,1,1,1,True
01-01-08-01-01-02-08.mp4,8,female,Surprised,7,1,1,2,True
01-01-08-01-02-01-08.mp4,8,female,Surprised,7,1,2,1,True
01-01-08-01-02-02-08.mp4,8,female,Surprised,7,1,2,2,True
01-01-08-02-01-01-08.mp4,8,female,Surprised,7,2,1,1,True
01-01-08-02-01-02-08.mp4,8,female,Surprised,7,2,1,2,True
01-01-08-02-02-01-08.mp4,8,female,Surprised,7,2,2,1,True
01-01-08-02-02-02-08.mp4,8,female,Surprised,7,2,2,2,True
01-01-01-01-01-01-09.mp4,9,male,Neutral,0,1,1,1,True
01-01-01-01-01-02-09.mp4,9,male,Neutral,0,1,1,2,True
01-01-01-01-02-01-09.mp4,9,male,Neutral,0,1,2,1,True
01-01-01-01-02-02-09.mp4,9,male,Neutral,0,1,2,2,True
01-01-02-01-01-01-09.mp4,9,male,Calm,1,1,1,1,True
01-01-02-01-01-02-09.mp4,9,male,Calm,1,1,1,2,True
01-01-02-01-02-01-09.mp4,9,male,Calm,1,1,2,1,True
01-01-02-01-02-02-09.mp4,9,male,Calm,1,1,2,2,True
01-01-02-02-01-01-09.mp4,9,male,Calm,1,2,1,1,True
01-01-02-02-01-02-09.mp4,9,male,Calm,1,2,1,2,True
01-01-02-02-02-01-09.mp4,9,male,Calm,1,2,2,1,True
01-01-02-02-02-02-09.mp4,9,male,Calm,1,2,2,2,True
01-01-03-01-01-01-09.mp4,9,male,Happy,2,1,1,1,True
01-01-03-01-01-02-09.mp4,9,male,Happy,2,1,1,2,True
01-01-03-01-02-01-09.mp4,9,male,Happy,2,1,2,1,True
01-01-03-01-02-02-09.mp4,9,male,Happy,2,1,2,2,True
01-01-03-02-01-01-09.mp4,9,male,Happy,2,2,1,1,True
01-01-03-02-01-02-09.mp4,9,male,Happy,2,2,1,2,True
01-01-03-02-02-01-09.mp4,9,male,Happy,2,2,2,1,True
01-01-03-02-02-02-09.mp4,9,male,Happy,2,2,2,2,True
01-01-04-01-01-01-09.mp4,9,male,Sad,3,1,1,1,True
01-01-04-01-01-02-09.mp4,9,male,Sad,3,1,1,2,True
01-01-04-01-02-01-09.mp4,9,male,Sad,3,1,2,1,True
01-01-04-01-02-02-09.mp4,9,male,Sad,3,1,2,2,True
01-01-04-02-01-01-09.mp4,9,male,Sad,3,2,1,1,True
01-01-04-02-01-02-09.mp4,9,male,Sad,3,2,1,2,True
01-01-04-02-02-01-09.mp4,9,male,Sad,3,2,2,1,True
01-01-04-02-02-02-09.mp4,9,male,Sad,3,2,2,2,True
01-01-05-01-01-01-09.mp4,9,male,Angry,4,1,1,1,True
01-01-05-01-01-02-09.mp4,9,male,Angry,4,1,1,2,True
01-01-05-01-02-01-09.mp4,9,male,Angry,4,1,2,1,True
01-01-05-01-02-02-09.mp4,9,male,Angry,4,1,2,2,True
01-01-05-02-01-01-09.mp4,9,male,Angry,4,2,1,1,True
01-01-05-02-01-02-09.mp4,9,male,Angry,4,2,1,2,True
01-01-05-02-02-01-09.mp4,9,male,Angry,4,2,2,1,True
01-01-05-02-02-02-09.mp4,9,male,Angry,4,2,2,2,True
01-01-06-01-01-01-09.mp4,9,male,Fearful,5,1,1,1,True
01-01-06-01-01-02-09.mp4,9,male,Fearful,5,1,1,2,True
01-01-06-01-02-01-09.mp4,9,male,Fearful,5,1,2,1,True
01-01-06-01-02-02-09.mp4,9,male,Fearful,5,1,2,2,True
01-01-06-02-01-01-09.mp4,9,male,Fearful,5,2,1,1,True
01-01-06-02-01-02-09.mp4,9,male,Fearful,5,2,1,2,True
01-01-06-02-02-01-09.mp4,9,male,Fearful,5,2,2,1,True
01-01-06-02-02-02-09.mp4,9,male,Fearful,5,2,2,2,True
01-01-07-01-01-01-09.mp4,9,male,Disgust,6,1,1,1,True
01-01-07-01-01-02-09.mp4,9,male,Disgust,6,1,1,2,True
01-01-07-01-02-01-09.mp4,9,male,Disgust,6,1,2,1,True
01-01-07-01-02-02-09.mp4,9,male,Disgust,6,1,2,2,True
01-01-07-02-01-01-09.mp4,9,male,Disgust,6,2,1,1,True
01-01-07-02-01-02-09.mp4,9,male,Disgust,6,2,1,2,True
01-01-07-02-02-01-09.mp4,9,male,Disgust,6,2,2,1,True
01-01-07-02-02-02-09.mp4,9,male,Disgust,6,2,2,2,True
01-01-08-01-01-01-09.mp4,9,male,Surprised,7,1,1,1,True
01-01-08-01-01-02-09.mp4,9,male,Surprised,7,1,1,2,True
01-01-08-01-02-01-09.mp4,9,male,Surprised,7,1,2,1,True
01-01-08-01-02-02-09.mp4,9,male,Surprised,7,1,2,2,True
01-01-08-02-01-01-09.mp4,9,male,Surprised,7,2,1,1,True
01-01-08-02-01-02-09.mp4,9,male,Surprised,7,2,1,2,True
01-01-08-02-02-01-09.mp4,9,male,Surprised,7,2,2,1,True
01-01-08-02-02-02-09.mp4,9,male,Surprised,7,2,2,2,True
01-01-01-01-01-01-10.mp4,10,female,Neutral,0,1,1,1,True
01-01-01-01-01-02-10.mp4,10,female,Neutral,0,1,1,2,True
01-01-01-01-02-01-10.mp4,10,female,Neutral,0,1,2,1,True
01-01-01-01-02-02-10.mp4,10,female,Neutral,0,1,2,2,True
01-01-02-01-01-01-10.mp4,10,female,Calm,1,1,1,1,True
01-01-02-01-01-02-10.mp4,10,female,Calm,1,1,1,2,True
01-01-02-01-02-01-10.mp4,10,female,Calm,1,1,2,1,True
01-01-02-01-02-02-10.mp4,10,female,Calm,1,1,2,2,True
01-01-02-02-01-01-10.mp4,10,female,Calm,1,2,1,1,True
01-01-02-02-01-02-10.mp4,10,female,Calm,1,2,1,2,True
01-01-02-02-02-01-10.mp4,10,female,Calm,1,2,2,1,True
01-01-02-02-02-02-10.mp4,10,female,Calm,1,2,2,2,True
01-01-03-01-01-01-10.mp4,10,female,Happy,2,1,1,1,True
01-01-03-01-01-02-10.mp4,10,female,Happy,2,1,1,2,True
01-01-03-01-02-01-10.mp4,10,female,Happy,2,1,2,1,True
01-01-03-01-02-02-10.mp4,10,female,Happy,2,1,2,2,True
01-01-03-02-01-01-10.mp4,10,female,Happy,2,2,1,1,True
01-01-03-02-01-02-10.mp4,10,female,Happy,2,2,1,2,True
01-01-03-02-02-01-10.mp4,10,female,Happy,2,2,2,1,True
01-01-03-02-02-02-10.mp4,10,female,Happy,2,2,2,2,True
01-01-04-01-01-01-10.mp4,10,female,Sad,3,1,1,1,True
01-01-04-01-01-02-10.mp4,10,female,Sad,3,1,1,2,True
01-01-04-01-02-01-10.mp4,10,female,Sad,3,1,2,1,True
01-01-04-01-02-02-10.mp4,10,female,Sad,3,1,2,2,True
01-01-04-02-01-01-10.mp4,10,female,Sad,3,2,1,1,True
01-01-04-02-01-02-10.mp4,10,female,Sad,3,2,1,2,True
01-01-04-02-02-01-10.mp4,10,female,Sad,3,2,2,1,True
01-01-04-02-02-02-10.mp4,10,female,Sad,3,2,2,2,True
01-01-05-01-01-01-10.mp4,10,female,Angry,4,1,1,1,True
01-01-05-01-01-02-10.mp4,10,female,Angry,4,1,1,2,True
01-01-05-01-02-01-10.mp4,10,female,Angry,4,1,2,1,True
01-01-05-01-02-02-10.mp4,10,female,Angry,4,1,2,2,True
01-01-05-02-01-01-10.mp4,10,female,Angry,4,2,1,1,True
01-01-05-02-01-02-10.mp4,10,female,Angry,4,2,1,2,True
01-01-05-02-02-01-10.mp4,10,female,Angry,4,2,2,1,True
01-01-05-02-02-02-10.mp4,10,female,Angry,4,2,2,2,True
01-01-06-01-01-01-10.mp4,10,female,Fearful,5,1,1,1,True
01-01-06-01-01-02-10.mp4,10,female,Fearful,5,1,1,2,True
01-01-06-01-02-01-10.mp4,10,female,Fearful,5,1,2,1,True
01-01-06-01-02-02-10.mp4,10,female,Fearful,5,1,2,2,True
01-01-06-02-01-01-10.mp4,10,female,Fearful,5,2,1,1,True
01-01-06-02-01-02-10.mp4,10,female,Fearful,5,2,1,2,True
01-01-06-02-02-01-10.mp4,10,female,Fearful,5,2,2,1,True
01-01-06-02-02-02-10.mp4,10,female,Fearful,5,2,2,2,True
01-01-07-01-01-01-10.mp4,10,female,Disgust,6,1,1,1,True
01-01-07-01-01-02-10.mp4,10,female,Disgust,6,1,1,2,True
01-01-07-01-02-01-10.mp4,10,female,Disgust,6,1,2,1,True
01-01-07-01-02-02-10.mp4,10,female,Disgust,6,1,2,2,True
01-01-07-02-01-01-10.mp4,10,female,Disgust,6,2,1,1,True
01-01-07-02-01-02-10.mp4,10,female,Disgust,6,2,1,2,True
01-01-07-02-02-01-10.mp4,10,female,Disgust,6,2,2,1,True
01-01-07-02-02-02-10.mp4,10,female,Disgust,6,2,2,2,True
01-01-08-01-01-01-10.mp4,10,female,Surprised,7,1,1,1,True
01-01-08-01-01-02-10.mp4,10,female,Surprised,7,1,1,2,True
01-01-08-01-02-01-10.mp4,10,female,Surprised,7,1,2,1,True
01-01-08-01-02-02-10.mp4,10,female,Surprised,7,1,2,2,True
01-01-08-02-01-01-10.mp4,10,female,Surprised,7,2,1,1,True
01-01-08-02-01-02-10.mp4,10,female,Surprised,7,2,1,2,True
01-01-08-02-02-01-10.mp4,10,female,Surprised,7,2,2,1,True
01-01-08-02-02-02-10.mp4,10,female,Surprised,7,2,2,2,True
01-01-01-01-01-01-11.mp4,11,male,Neutral,0,1,1,1,True
01-01-01-01-01-02-11.mp4,11,male,Neutral,0,1,1,2,True
01-01-01-01-02-01-11.mp4,11,male,Neutral,0,1,2,1,True
01-01-01-01-02-02-11.mp4,11,male,Neutral,0,1,2,2,True
01-01-02-01-01-01-11.mp4,11,male,Calm,1,1,1,1,True
01-01-02-01-01-02-11.mp4,11,male,Calm,1,1,1,2,True
01-01-02-01-02-01-11.mp4,11,male,Calm,1,1,2,1,True
01-01-02-01-02-02-11.mp4,11,male,Calm,1,1,2,2,True
01-01-02-02-01-01-11.mp4,11,male,Calm,1,2,1,1,True
01-01-02-02-01-02-11.mp4,11,male,Calm,1,2,1,2,True
01-01-02-02-02-01-11.mp4,11,male,Calm,1,2,2,1,True
01-01-02-02-02-02-11.mp4,11,male,Calm,1,2,2,2,True
01-01-03-01-01-01-11.mp4,11,male,Happy,2,1,1,1,True
01-01-03-01-01-02-11.mp4,11,male,Happy,2,1,1,2,True
01-01-03-01-02-01-11.mp4,11,male,Happy,2,1,2,1,True
01-01-03-01-02-02-11.mp4,11,male,Happy,2,1,2,2,True
01-01-03-02-01-01-11.mp4,11,male,Happy,2,2,1,1,True
01-01-03-02-01-02-11.mp4,11,male,Happy,2,2,1,2,True
01-01-03-02-02-01-11.mp4,11,male,Happy,2,2,2,1,True
01-01-03-02-02-02-11.mp4,11,male,Happy,2,2,2,2,True
01-01-04-01-01-01-11.mp4,11,male,Sad,3,1,1,1,True
01-01-04-01-01-02-11.mp4,11,male,Sad,3,1,1,2,True
01-01-04-01-02-01-11.mp4,11,male,Sad,3,1,2,1,True
01-01-04-01-02-02-11.mp4,11,male,Sad,3,1,2,2,True
01-01-04-02-01-01-11.mp4,11,male,Sad,3,2,1,1,True
01-01-04-02-01-02-11.mp4,11,male,Sad,3,2,1,2,True
01-01-04-02-02-01-11.mp4,11,male,Sad,3,2,2,1,True
01-01-04-02-02-02-11.mp4,11,male,Sad,3,2,2,2,True
01-01-05-01-01-01-11.mp4,11,male,Angry,4,1,1,1,True
01-01-05-01-01-02-11.mp4,11,male,Angry,4,1,1,2,True
01-01-05-01-02-01-11.mp4,11,male,Angry,4,1,2,1,True
01-01-05-01-02-02-11.mp4,11,male,Angry,4,1,2,2,True
01-01-05-02-01-01-11.mp4,11,male,Angry,4,2,1,1,True
01-01-05-02-01-02-11.mp4,11,male,Angry,4,2,1,2,True
01-01-05-02-02-01-11.mp4,11,male,Angry,4,2,2,1,True
01-01-05-02-02-02-11.mp4,11,male,Angry,4,2,2,2,True
01-01-06-01-01-01-11.mp4,11,male,Fearful,5,1,1,1,True
01-01-06-01-01-02-11.mp4,11,male,Fearful,5,1,1,2,True
01-01-06-01-02-01-11.mp4,11,male,Fearful,5,1,2,1,True
01-01-06-01-02-02-11.mp4,11,male,Fearful,5,1,2,2,True
01-01-06-02-01-01-11.mp4,11,male,Fearful,5,2,1,1,True
01-01-06-02-01-02-11.mp4,11,male,Fearful,5,2,1,2,True
01-01-06-02-02-01-11.mp4,11,male,Fearful,5,2,2,1,True
01-01-06-02-02-02-11.mp4,11,male,Fearful,5,2,2,2,True
01-01-07-01-01-01-11.mp4,11,male,Disgust,6,1,1,1,True
01-01-07-01-01-02-11.mp4,11,male,Disgust,6,1,1,2,True
01-01-07-01-02-01-11.mp4,11,male,Disgust,6,1,2,1,True
01-01-07-01-02-02-11.mp4,11,male,Disgust,6,1,2,2,True
01-01-07-02-01-01-11.mp4,11,male,Disgust,6,2,1,1,True
01-01-07-02-01-02-11.mp4,11,male,Disgust,6,2,1,2,True
01-01-07-02-02-01-11.mp4,11,male,Disgust,6,2,2,1,True
01-01-07-02-02-02-11.mp4,11,male,Disgust,6,2,2,2,True
01-01-08-01-01-01-11.mp4,11,male,Surprised,7,1,1,1,True
01-01-08-01-01-02-11.mp4,11,male,Surprised,7,1,1,2,True
01-01-08-01-02-01-11.mp4,11,male,Surprised,7,1,2,1,True
01-01-08-01-02-02-11.mp4,11,male,Surprised,7,1,2,2,True
01-01-08-02-01-01-11.mp4,11,male,Surprised,7,2,1,1,True
01-01-08-02-01-02-11.mp4,11,male,Surprised,7,2,1,2,True
01-01-08-02-02-01-11.mp4,11,male,Surprised,7,2,2,1,True
01-01-08-02-02-02-11.mp4,11,male,Surprised,7,2,2,2,True
01-01-01-01-01-01-12.mp4,12,female,Neutral,0,1,1,1,True
01-01-01-01-01-02-12.mp4,12,female,Neutral,0,1,1,2,True
01-01-01-01-02-01-12.mp4,12,female,Neutral,0,1,2,1,True
01-01-01-01-02-02-12.mp4,12,female,Neutral,0,1,2,2,True
01-01-02-01-01-01-12.mp4,12,female,Calm,1,1,1,1,True
01-01-02-01-01-02-12.mp4,12,female,Calm,1,1,1,2,True
01-01-02-01-02-01-12.mp4,12,female,Calm,1,1,2,1,True
01-01-02-01-02-02-12.mp4,12,female,Calm,1,1,2,2,True
01-01-02-02-01-01-12.mp4,12,female,Calm,1,2,1,1,True
01-01-02-02-01-02-12.mp4,12,female,Calm,1,2,1,2,True
01-01-02-02-02-01-12.mp4,12,female,Calm,1,2,2,1,True
01-01-02-02-02-02-12.mp4,12,female,Calm,1,2,2,2,True
01-01-03-01-01-01-12.mp4,12,female,Happy,2,1,1,1,True
01-01-03-01-01-02-12.mp4,12,female,Happy,2,1,1,2,True
01-01-03-01-02-01-12.mp4,12,female,Happy,2,1,2,1,True
01-01-03-01-02-02-12.mp4,12,female,Happy,2,1,2,2,True
01-01-03-02-01-01-12.mp4,12,female,Happy,2,2,1,1,True
01-01-03-02-01-02-12.mp4,12,female,Happy,2,2,1,2,True
01-01-03-02-02-01-12.mp4,12,female,Happy,2,2,2,1,True
01-01-03-02-02-02-12.mp4,12,female,Happy,2,2,2,2,True
01-01-04-01-01-01-12.mp4,12,female,Sad,3,1,1,1,True
01-01-04-01-01-02-12.mp4,12,female,Sad,3,1,1,2,True
01-01-04-01-02-01-12.mp4,12,female,Sad,3,1,2,1,True
01-01-04-01-02-02-12.mp4,12,female,Sad,3,1,2,2,True
01-01-04-02-01-01-12.mp4,12,female,Sad,3,2,1,1,True
01-01-04-02-01-02-12.mp4,12,female,Sad,3,2,1,2,True
01-01-04-02-02-01-12.mp4,12,female,Sad,3,2,2,1,True
01-01-04-02-02-02-12.mp4,12,female,Sad,3,2,2,2,True
01-01-05-01-01-01-12.mp4,12,female,Angry,4,1,1,1,True
01-01-05-01-01-02-12.mp4,12,female,Angry,4,1,1,2,True
01-01-05-01-02-01-12.mp4,12,female,Angry,4,1,2,1,True
01-01-05-01-02-02-12.mp4,12,female,Angry,4,1,2,2,True
01-01-05-02-01-01-12.mp4,12,female,Angry,4,2,1,1,True
01-01-05-02-01-02-12.mp4,12,female,Angry,4,2,1,2,True
01-01-05-02-02-01-12.mp4,12,female,Angry,4,2,2,1,True
01-01-05-02-02-02-12.mp4,12,female,Angry,4,2,2,2,True
01-01-06-01-01-01-12.mp4,12,female,Fearful,5,1,1,1,True
01-01-06-01-01-02-12.mp4,12,female,Fearful,5,1,1,2,True
01-01-06-01-02-01-12.mp4,12,female,Fearful,5,1,2,1,True
01-01-06-01-02-02-12.mp4,12,female,Fearful,5,1,2,2,True
01-01-06-02-01-01-12.mp4,12,female,Fearful,5,2,1,1,True
01-01-06-02-01-02-12.mp4,12,female,Fearful,5,2,1,2,True
01-01-06-02-02-01-12.mp4,12,female,Fearful,5,2,2,1,True
01-01-06-02-02-02-12.mp4,12,female,Fearful,5,2,2,2,True
01-01-07-01-01-01-12.mp4,12,female,Disgust,6,1,1,1,True
01-01-07-01-01-02-12.mp4,12,female,Disgust,6,1,1,2,True
01-01-07-01-02-01-12.mp4,12,female,Disgust,6,1,2,1,True
01-01-07-01-02-02-12.mp4,12,female,Disgust,6,1,2,2,True
01-01-07-02-01-01-12.mp4,12,female,Disgust,6,2,1,1,True
01-01-07-02-01-02-12.mp4,12,female,Disgust,6,2,1,2,True
01-01-07-02-02-01-12.mp4,12,female,Disgust,6,2,2,1,True
01-01-07-02-02-02-12.mp4,12,female,Disgust,6,2,2,2,True
01-01-08-01-01-01-12.mp4,12,female,Surprised,7,1,1,1,True
01-01-08-01-01-02-12.mp4,12,female,Surprised,7,1,1,2,True
01-01-08-01-02-01-12.mp4,12,female,Surprised,7,1,2,1,True
01-01-08-01-02-02-12.mp4,12,female,Surprised,7,1,2,2,True
01-01-08-02-01-01-12.mp4,12,female,Surprised,7,2,1,1,True
01-01-08-02-01-02-12.mp4,12,female,Surprised,7,2,1,2,True
01-01-08-02-02-01-12.mp4,12,female,Surprised,7,2,2,1,True
01-01-08-02-02-02-12.mp4,12,female,Surprised,7,2,2,2,True
01-01-01-01-01-01-13.mp4,13,male,Neutral,0,1,1,1,True
01-01-01-01-01-02-13.mp4,13,male,Neutral,0,1,1,2,True
01-01-01-01-02-01-13.mp4,13,male,Neutral,0,1,2,1,True
01-01-01-01-02-02-13.mp4,13,male,Neutral,0,1,2,2,True
01-01-02-01-01-01-13.mp4,13,male,Calm,1,1,1,1,True
01-01-02-01-01-02-13.mp4,13,male,Calm,1,1,1,2,True
01-01-02-01-02-01-13.mp4,13,male,Calm,1,1,2,1,True
01-01-02-01-02-02-13.mp4,13,male,Calm,1,1,2,2,True
01-01-02-02-01-01-13.mp4,13,male,Calm,1,2,1,1,True
01-01-02-02-01-02-13.mp4,13,male,Calm,1,2,1,2,True
01-01-02-02-02-01-13.mp4,13,male,Calm,1,2,2,1,True
01-01-02-02-02-02-13.mp4,13,male,Calm,1,2,2,2,True
01-01-03-01-01-01-13.mp4,13,male,Happy,2,1,1,1,True
01-01-03-01-01-02-13.mp4,13,male,Happy,2,1,1,2,True
01-01-03-01-02-01-13.mp4,13,male,Happy,2,1,2,1,True
01-01-03-01-02-02-13.mp4,13,male,Happy,2,1,2,2,True
01-01-03-02-01-01-13.mp4,13,male,Happy,2,2,1,1,True
01-01-03-02-01-02-13.mp4,13,male,Happy,2,2,1,2,True
01-01-03-02-02-01-13.mp4,13,male,Happy,2,2,2,1,True
01-01-03-02-02-02-13.mp4,13,male,Happy,2,2,2,2,True
01-01-04-01-01-01-13.mp4,13,male,Sad,3,1,1,1,True
01-01-04-01-01-02-13.mp4,13,male,Sad,3,1,1,2,True
01-01-04-01-02-01-13.mp4,13,male,Sad,3,1,2,1,True
01-01-04-01-02-02-13.mp4,13,male,Sad,3,1,2,2,True
01-01-04-02-01-01-13.mp4,13,male,Sad,3,2,1,1,True
01-01-04-02-01-02-13.mp4,13,male,Sad,3,2,1,2,True
01-01-04-02-02-01-13.mp4,13,male,Sad,3,2,2,1,True
01-01-04-02-02-02-13.mp4,13,male,Sad,3,2,2,2,True
01-01-05-01-01-01-13.mp4,13,male,Angry,4,1,1,1,True
01-01-05-01-01-02-13.mp4,13,male,Angry,4,1,1,2,True
01-01-05-01-02-01-13.mp4,13,male,Angry,4,1,2,1,True
01-01-05-01-02-02-13.mp4,13,male,Angry,4,1,2,2,True
01-01-05-02-01-01-13.mp4,13,male,Angry,4,2,1,1,True
01-01-05-02-01-02-13.mp4,13,male,Angry,4,2,1,2,True
01-01-05-02-02-01-13.mp4,13,male,Angry,4,2,2,1,True
01-01-05-02-02-02-13.mp4,13,male,Angry,4,2,2,2,True
01-01-06-01-01-01-13.mp4,13,male,Fearful,5,1,1,1,True
01-01-06-01-01-02-13.mp4,13,male,Fearful,5,1,1,2,True
01-01-06-01-02-01-13.mp4,13,male,Fearful,5,1,2,1,True
01-01-06-01-02-02-13.mp4,13,male,Fearful,5,1,2,2,True
01-01-06-02-01-01-13.mp4,13,male,Fearful,5,2,1,1,True
01-01-06-02-01-02-13.mp4,13,male,Fearful,5,2,1,2,True
01-01-06-02-02-01-13.mp4,13,male,Fearful,5,2,2,1,True
01-01-06-02-02-02-13.mp4,13,male,Fearful,5,2,2,2,True
01-01-07-01-01-01-13.mp4,13,male,Disgust,6,1,1,1,True
01-01-07-01-01-02-13.mp4,13,male,Disgust,6,1,1,2,True
01-01-07-01-02-01-13.mp4,13,male,Disgust,6,1,2,1,True
01-01-07-01-02-02-13.mp4,13,male,Disgust,6,1,2,2,True
01-01-07-02-01-01-13.mp4,13,male,Disgust,6,2,1,1,True
01-01-07-02-01-02-13.mp4,13,male,Disgust,6,2,1,2,True
01-01-07-02-02-01-13.mp4,13,male,Disgust,6,2,2,1,True
01-01-07-02-02-02-13.mp4,13,male,Disgust,6,2,2,2,True
01-01-08-01-01-01-13.mp4,13,male,Surprised,7,1,1,1,True
01-01-08-01-01-02-13.mp4,13,male,Surprised,7,1,1,2,True
01-01-08-01-02-01-13.mp4,13,male,Surprised,7,1,2,1,True
01-01-08-01-02-02-13.mp4,13,male,Surprised,7,1,2,2,True
01-01-08-02-01-01-13.mp4,13,male,Surprised,7,2,1,1,True
01-01-08-02-01-02-13.mp4,13,male,Surprised,7,2,1,2,True
01-01-08-02-02-01-13.mp4,13,male,Surprised,7,2,2,1,True
01-01-08-02-02-02-13.mp4,13,male,Surprised,7,2,2,2,True
01-01-01-01-01-01-14.mp4,14,female,Neutral,0,1,1,1,True
01-01-01-01-01-02-14.mp4,14,female,Neutral,0,1,1,2,True
01-01-01-01-02-01-14.mp4,14,female,Neutral,0,1,2,1,True
01-01-01-01-02-02-14.mp4,14,female,Neutral,0,1,2,2,True
01-01-02-01-01-01-14.mp4,14,female,Calm,1,1,1,1,True
01-01-02-01-01-02-14.mp4,14,female,Calm,1,1,1,2,True
01-01-02-01-02-01-14.mp4,14,female,Calm,1,1,2,1,True
01-01-02-01-02-02-14.mp4,14,female,Calm,1,1,2,2,True
01-01-02-02-01-01-14.mp4,14,female,Calm,1,2,1,1,True
01-01-02-02-01-02-14.mp4,14,female,Calm,1,2,1,2,True
01-01-02-02-02-01-14.mp4,14,female,Calm,1,2,2,1,True
01-01-02-02-02-02-14.mp4,14,female,Calm,1,2,2,2,True
01-01-03-01-01-01-14.mp4,14,female,Happy,2,1,1,1,True
01-01-03-01-01-02-14.mp4,14,female,Happy,2,1,1,2,True
01-01-03-01-02-01-14.mp4,14,female,Happy,2,1,2,1,True
01-01-03-01-02-02-14.mp4,14,female,Happy,2,1,2,2,True
01-01-03-02-01-01-14.mp4,14,female,Happy,2,2,1,1,True
01-01-03-02-01-02-14.mp4,14,female,Happy,2,2,1,2,True
01-01-03-02-02-01-14.mp4,14,female,Happy,2,2,2,1,True
01-01-03-02-02-02-14.mp4,14,female,Happy,2,2,2,2,True
01-01-04-01-01-01-14.mp4,14,female,Sad,3,1,1,1,True
01-01-04-01-01-02-14.mp4,14,female,Sad,3,1,1,2,True
01-01-04-01-02-01-14.mp4,14,female,Sad,3,1,2,1,True
01-01-04-01-02-02-14.mp4,14,female,Sad,3,1,2,2,True
01-01-04-02-01-01-14.mp4,14,female,Sad,3,2,1,1,True
01-01-04-02-01-02-14.mp4,14,female,Sad,3,2,1,2,True
01-01-04-02-02-01-14.mp4,14,female,Sad,3,2,2,1,True
01-01-04-02-02-02-14.mp4,14,female,Sad,3,2,2,2,True
01-01-05-01-01-01-14.mp4,14,female,Angry,4,1,1,1,True
01-01-05-01-01-02-14.mp4,14,female,Angry,4,1,1,2,True
01-01-05-01-02-01-14.mp4,14,female,Angry,4,1,2,1,True
01-01-05-01-02-02-14.mp4,14,female,Angry,4,1,2,2,True
01-01-05-02-01-01-14.mp4,14,female,Angry,4,2,1,1,True
01-01-05-02-01-02-14.mp4,14,female,Angry,4,2,1,2,True
01-01-05-02-02-01-14.mp4,14,female,Angry,4,2,2,1,True
01-01-05-02-02-02-14.mp4,14,female,Angry,4,2,2,2,True
01-01-06-01-01-01-14.mp4,14,female,Fearful,5,1,1,1,True
01-01-06-01-01-02-14.mp4,14,female,Fearful,5,1,1,2,True
01-01-06-01-02-01-14.mp4,14,female,Fearful,5,1,2,1,True
01-01-06-01-02-02-14.mp4,14,female,Fearful,5,1,2,2,True
01-01-06-02-01-01-14.mp4,14,female,Fearful,5,2,1,1,True
01-01-06-02-01-02-14.mp4,14,female,Fearful,5,2,1,2,True
01-01-06-02-02-01-14.mp4,14,female,Fearful,5,2,2,1,True
01-01-06-02-02-02-14.mp4,14,female,Fearful,5,2,2,2,True
01-01-07-01-01-01-14.mp4,14,female,Disgust,6,1,1,1,True
01-01-07-01-01-02-14.mp4,14,female,Disgust,6,1,1,2,True
01-01-07-01-02-01-14.mp4,14,female,Disgust,6,1,2,1,True
01-01-07-01-02-02-14.mp4,14,female,Disgust,6,1,2,2,True
01-01-07-02-01-01-14.mp4,14,female,Disgust,6,2,1,1,True
01-01-07-02-01-02-14.mp4,14,female,Disgust,6,2,1,2,True
01-01-07-02-02-01-14.mp4,14,female,Disgust,6,2,2,1,True
01-01-07-02-02-02-14.mp4,14,female,Disgust,6,2,2,2,True
01-01-08-01-01-01-14.mp4,14,female,Surprised,7,1,1,1,True
01-01-08-01-01-02-14.mp4,14,female,Surprised,7,1,1,2,True
01-01-08-01-02-01-14.mp4,14,female,Surprised,7,1,2,1,True
01-01-08-01-02-02-14.mp4,14,female,Surprised,7,1,2,2,True
01-01-08-02-01-01-14.mp4,14,female,Surprised,7,2,1,1,True
01-01-08-02-01-02-14.mp4,14,female,Surprised,7,2,1,2,True
01-01-08-02-02-01-14.mp4,14,female,Surprised,7,2,2,1,True
01-01-08-02-02-02-14.mp4,14,female,Surprised,7,2,2,2,True
01-01-01-01-01-01-15.mp4,15,male,Neutral,0,1,1,1,True
01-01-01-01-01-02-15.mp4,15,male,Neutral,0,1,1,2,True
01-01-01-01-02-01-15.mp4,15,male,Neutral,0,1,2,1,True
01-01-01-01-02-02-15.mp4,15,male,Neutral,0,1,2,2,True
01-01-02-01-01-01-15.mp4,15,male,Calm,1,1,1,1,True
01-01-02-01-01-02-15.mp4,15,male,Calm,1,1,1,2,True
01-01-02-01-02-01-15.mp4,15,male,Calm,1,1,2,1,True
01-01-02-01-02-02-15.mp4,15,male,Calm,1,1,2,2,True
01-01-02-02-01-01-15.mp4,15,male,Calm,1,2,1,1,True
01-01-02-02-01-02-15.mp4,15,male,Calm,1,2,1,2,True
01-01-02-02-02-01-15.mp4,15,male,Calm,1,2,2,1,True
01-01-02-02-02-02-15.mp4,15,male,Calm,1,2,2,2,True
01-01-03-01-01-01-15.mp4,15,male,Happy,2,1,1,1,True
01-01-03-01-01-02-15.mp4,15,male,Happy,2,1,1,2,True
01-01-03-01-02-01-15.mp4,15,male,Happy,2,1,2,1,True
01-01-03-01-02-02-15.mp4,15,male,Happy,2,1,2,2,True
01-01-03-02-01-01-15.mp4,15,male,Happy,2,2,1,1,True
01-01-03-02-01-02-15.mp4,15,male,Happy,2,2,1,2,True
01-01-03-02-02-01-15.mp4,15,male,Happy,2,2,2,1,True
01-01-03-02-02-02-15.mp4,15,male,Happy,2,2,2,2,True
01-01-04-01-01-01-15.mp4,15,male,Sad,3,1,1,1,True
01-01-04-01-01-02-15.mp4,15,male,Sad,3,1,1,2,True
01-01-04-01-02-01-15.mp4,15,male,Sad,3,1,2,1,True
01-01-04-01-02-02-15.mp4,15,male,Sad,3,1,2,2,True
01-01-04-02-01-01-15.mp4,15,male,Sad,3,2,1,1,True
01-01-04-02-01-02-15.mp4,15,male,Sad,3,2,1,2,True
01-01-04-02-02-01-15.mp4,15,male,Sad,3,2,2,1,True
01-01-04-02-02-02-15.mp4,15,male,Sad,3,2,2,2,True
01-01-05-01-01-01-15.mp4,15,male,Angry,4,1,1,1,True
01-01-05-01-01-02-15.mp4,15,male,Angry,4,1,1,2,True
01-01-05-01-02-01-15.mp4,15,male,Angry,4,1,2,1,True
01-01-05-01-02-02-15.mp4,15,male,Angry,4,1,2,2,True
01-01-05-02-01-01-15.mp4,15,male,Angry,4,2,1,1,True
01-01-05-02-01-02-15.mp4,15,male,Angry,4,2,1,2,True
01-01-05-02-02-01-15.mp4,15,male,Angry,4,2,2,1,True
01-01-05-02-02-02-15.mp4,15,male,Angry,4,2,2,2,True
01-01-06-01-01-01-15.mp4,15,male,Fearful,5,1,1,1,True
01-01-06-01-01-02-15.mp4,15,male,Fearful,5,1,1,2,True
01-01-06-01-02-01-15.mp4,15,male,Fearful,5,1,2,1,True
01-01-06-01-02-02-15.mp4,15,male,Fearful,5,1,2,2,True
01-01-06-02-01-01-15.mp4,15,male,Fearful,5,2,1,1,True
01-01-06-02-01-02-15.mp4,15,male,Fearful,5,2,1,2,True
01-01-06-02-02-01-15.mp4,15,male,Fearful,5,2,2,1,True
01-01-06-02-02-02-15.mp4,15,male,Fearful,5,2,2,2,True
01-01-07-01-01-01-15.mp4,15,male,Disgust,6,1,1,1,True
01-01-07-01-01-02-15.mp4,15,male,Disgust,6,1,1,2,True
01-01-07-01-02-01-15.mp4,15,male,Disgust,6,1,2,1,True
01-01-07-01-02-02-15.mp4,15,male,Disgust,6,1,2,2,True
01-01-07-02-01-01-15.mp4,15,male,Disgust,6,2,1,1,True
01-01-07-02-01-02-15.mp4,15,male,Disgust,6,2,1,2,True
01-01-07-02-02-01-15.mp4,15,male,Disgust,6,2,2,1,True
01-01-07-02-02-02-15.mp4,15,male,Disgust,6,2,2,2,True
01-01-08-01-01-01-15.mp4,15,male,Surprised,7,1,1,1,True
01-01-08-01-01-02-15.mp4,15,male,Surprised,7,1,1,2,True
01-01-08-01-02-01-15.mp4,15,male,Surprised,7,1,2,1,True
01-01-08-01-02-02-15.mp4,15,male,Surprised,7,1,2,2,True
01-01-08-02-01-01-15.mp4,15,male,Surprised,7,2,1,1,True
01-01-08-02-01-02-15.mp4,15,male,Surprised,7,2,1,2,True
01-01-08-02-02-01-15.mp4,15,male,Surprised,7,2,2,1,True
01-01-08-02-02-02-15.mp4,15,male,Surprised,7,2,2,2,True
01-01-01-01-01-01-16.mp4,16,female,Neutral,0,1,1,1,True
01-01-01-01-01-02-16.mp4,16,female,Neutral,0,1,1,2,True
01-01-01-01-02-01-16.mp4,16,female,Neutral,0,1,2,1,True
01-01-01-01-02-02-16.mp4,16,female,Neutral,0,1,2,2,True
01-01-02-01-01-01-16.mp4,16,female,Calm,1,1,1,1,True
01-01-02-01-01-02-16.mp4,16,female,Calm,1,1,1,2,True
01-01-02-01-02-01-16.mp4,16,female,Calm,1,1,2,1,True
01-01-02-01-02-02-16.mp4,16,female,Calm,1,1,2,2,True
01-01-02-02-01-01-16.mp4,16,female,Calm,1,2,1,1,True
01-01-02-02-01-02-16.mp4,16,female,Calm,1,2,1,2,True
01-01-02-02-02-01-16.mp4,16,female,Calm,1,2,2,1,True
01-01-02-02-02-02-16.mp4,16,female,Calm,1,2,2,2,True
01-01-03-01-01-01-16.mp4,16,female,Happy,2,1,1,1,True
01-01-03-01-01-02-16.mp4,16,female,Happy,2,1,1,2,True
01-01-03-01-02-01-16.mp4,16,female,Happy,2,1,2,1,True
01-01-03-01-02-02-16.mp4,16,female,Happy,2,1,2,2,True
01-01-03-02-01-01-16.mp4,16,female,Happy,2,2,1,1,True
01-01-03-02-01-02-16.mp4,16,female,Happy,2,2,1,2,True
01-01-03-02-02-01-16.mp4,16,female,Happy,2,2,2,1,True
01-01-03-02-02-02-16.mp4,16,female,Happy,2,2,2,2,True
01-01-04-01-01-01-16.mp4,16,female,Sad,3,1,1,1,True
01-01-04-01-01-02-16.mp4,16,female,Sad,3,1,1,2,True
01-01-04-01-02-01-16.mp4,16,female,Sad,3,1,2,1,True
01-01-04-01-02-02-16.mp4,16,female,Sad,3,1,2,2,True
01-01-04-02-01-01-16.mp4,16,female,Sad,3,2,1,1,True
01-01-04-02-01-02-16.mp4,16,female,Sad,3,2,1,2,True
01-01-04-02-02-01-16.mp4,16,female,Sad,3,2,2,1,True
01-01-04-02-02-02-16.mp4,16,female,Sad,3,2,2,2,True
01-01-05-01-01-01-16.mp4,16,female,Angry,4,1,1,1,True
01-01-05-01-01-02-16.mp4,16,female,Angry,4,1,1,2,True
01-01-05-01-02-01-16.mp4,16,female,Angry,4,1,2,1,True
01-01-05-01-02-02-16.mp4,16,female,Angry,4,1,2,2,True
01-01-05-02-01-01-16.mp4,16,female,Angry,4,2,1,1,True
01-01-05-02-01-02-16.mp4,16,female,Angry,4,2,1,2,True
01-01-05-02-02-01-16.mp4,16,female,Angry,4,2,2,1,True
01-01-05-02-02-02-16.mp4,16,female,Angry,4,2,2,2,True
01-01-06-01-01-01-16.mp4,16,female,Fearful,5,1,1,1,True
01-01-06-01-01-02-16.mp4,16,female,Fearful,5,1,1,2,True
01-01-06-01-02-01-16.mp4,16,female,Fearful,5,1,2,1,True
01-01-06-01-02-02-16.mp4,16,female,Fearful,5,1,2,2,True
01-01-06-02-01-01-16.mp4,16,female,Fearful,5,2,1,1,True
01-01-06-02-01-02-16.mp4,16,female,Fearful,5,2,1,2,True
01-01-06-02-02-01-16.mp4,16,female,Fearful,5,2,2,1,True
01-01-06-02-02-02-16.mp4,16,female,Fearful,5,2,2,2,True
01-01-07-01-01-01-16.mp4,16,female,Disgust,6,1,1,1,True
01-01-07-01-01-02-16.mp4,16,female,Disgust,6,1,1,2,True
01-01-07-01-02-01-16.mp4,16,female,Disgust,6,1,2,1,True
01-01-07-01-02-02-16.mp4,16,female,Disgust,6,1,2,2,True
01-01-07-02-01-01-16.mp4,16,female,Disgust,6,2,1,1,True
01-01-07-02-01-02-16.mp4,16,female,Disgust,6,2,1,2,True
01-01-07-02-02-01-16.mp4,16,female,Disgust,6,2,2,1,True
01-01-07-02-02-02-16.mp4,16,female,Disgust,6,2,2,2,True
01-01-08-01-01-01-16.mp4,16,female,Surprised,7,1,1,1,True
01-01-08-01-01-02-16.mp4,16,female,Surprised,7,1,1,2,True
01-01-08-01-02-01-16.mp4,16,female,Surprised,7,1,2,1,True
01-01-08-01-02-02-16.mp4,16,female,Surprised,7,1,2,2,True
01-01-08-02-01-01-16.mp4,16,female,Surprised,7,2,1,1,True
01-01-08-02-01-02-16.mp4,16,female,Surprised,7,2,1,2,True
01-01-08-02-02-01-16.mp4,16,female,Surprised,7,2,2,1,True
01-01-08-02-02-02-16.mp4,16,female,Surprised,7,2,2,2,True
01-01-01-01-01-01-17.mp4,17,male,Neutral,0,1,1,1,True
01-01-01-01-01-02-17.mp4,17,male,Neutral,0,1,1,2,True
01-01-01-01-02-01-17.mp4,17,male,Neutral,0,1,2,1,True
01-01-01-01-02-02-17.mp4,17,male,Neutral,0,1,2,2,True
01-01-02-01-01-01-17.mp4,17,male,Calm,1,1,1,1,True
01-01-02-01-01-02-17.mp4,17,male,Calm,1,1,1,2,True
01-01-02-01-02-01-17.mp4,17,male,Calm,1,1,2,1,True
01-01-02-01-02-02-17.mp4,17,male,Calm,1,1,2,2,True
01-01-02-02-01-01-17.mp4,17,male,Calm,1,2,1,1,True
01-01-02-02-01-02-17.mp4,17,male,Calm,1,2,1,2,True
01-01-02-02-02-01-17.mp4,17,male,Calm,1,2,2,1,True
01-01-02-02-02-02-17.mp4,17,male,Calm,1,2,2,2,True
01-01-03-01-01-01-17.mp4,17,male,Happy,2,1,1,1,True
01-01-03-01-01-02-17.mp4,17,male,Happy,2,1,1,2,True
01-01-03-01-02-01-17.mp4,17,male,Happy,2,1,2,1,True
01-01-03-01-02-02-17.mp4,17,male,Happy,2,1,2,2,True
01-01-03-02-01-01-17.mp4,17,male,Happy,2,2,1,1,True
01-01-03-02-01-02-17.mp4,17,male,Happy,2,2,1,2,True
01-01-03-02-02-01-17.mp4,17,male,Happy,2,2,2,1,True
01-01-03-02-02-02-17.mp4,17,male,Happy,2,2,2,2,True
01-01-04-01-01-01-17.mp4,17,male,Sad,3,1,1,1,True
01-01-04-01-01-02-17.mp4,17,male,Sad,3,1,1,2,True
01-01-04-01-02-01-17.mp4,17,male,Sad,3,1,2,1,True
01-01-04-01-02-02-17.mp4,17,male,Sad,3,1,2,2,True
01-01-04-02-01-01-17.mp4,17,male,Sad,3,2,1,1,True
01-01-04-02-01-02-17.mp4,17,male,Sad,3,2,1,2,True
01-01-04-02-02-01-17.mp4,17,male,Sad,3,2,2,1,True
01-01-04-02-02-02-17.mp4,17,male,Sad,3,2,2,2,True
01-01-05-01-01-01-17.mp4,17,male,Angry,4,1,1,1,True
01-01-05-01-01-02-17.mp4,17,male,Angry,4,1,1,2,True
01-01-05-01-02-01-17.mp4,17,male,Angry,4,1,2,1,True
01-01-05-01-02-02-17.mp4,17,male,Angry,4,1,2,2,True
01-01-05-02-01-01-17.mp4,17,male,Angry,4,2,1,1,True
01-01-05-02-01-02-17.mp4,17,male,Angry,4,2,1,2,True
01-01-05-02-02-01-17.mp4,17,male,Angry,4,2,2,1,True
01-01-05-02-02-02-17.mp4,17,male,Angry,4,2,2,2,True
01-01-06-01-01-01-17.mp4,17,male,Fearful,5,1,1,1,True
01-01-06-01-01-02-17.mp4,17,male,Fearful,5,1,1,2,True
01-01-06-01-02-01-17.mp4,17,male,Fearful,5,1,2,1,True
01-01-06-01-02-02-17.mp4,17,male,Fearful,5,1,2,2,True
01-01-06-02-01-01-17.mp4,17,male,Fearful,5,2,1,1,True
01-01-06-02-01-02-17.mp4,17,male,Fearful,5,2,1,2,True
01-01-06-02-02-01-17.mp4,17,male,Fearful,5,2,2,1,True
01-01-06-02-02-02-17.mp4,17,male,Fearful,5,2,2,2,True
01-01-07-01-01-01-17.mp4,17,male,Disgust,6,1,1,1,True
01-01-07-01-01-02-17.mp4,17,male,Disgust,6,1,1,2,True
01-01-07-01-02-01-17.mp4,17,male,Disgust,6,1,2,1,True
01-01-07-01-02-02-17.mp4,17,male,Disgust,6,1,2,2,True
01-01-07-02-01-01-17.mp4,17,male,Disgust,6,2,1,1,True
01-01-07-02-01-02-17.mp4,17,male,Disgust,6,2,1,2,True
01-01-07-02-02-01-17.mp4,17,male,Disgust,6,2,2,1,True
01-01-07-02-02-02-17.mp4,17,male,Disgust,6,2,2,2,True
01-01-08-01-01-01-17.mp4,17,male,Surprised,7,1,1,1,True
01-01-08-01-01-02-17.mp4,17,male,Surprised,7,1,1,2,True
01-01-08-01-02-01-17.mp4,17,male,Surprised,7,1,2,1,True
01-01-08-01-02-02-17.mp4,17,male,Surprised,7,1,2,2,True
01-01-08-02-01-01-17.mp4,17,male,Surprised,7,2,1,1,True
01-01-08-02-01-02-17.mp4,17,male,Surprised,7,2,1,2,True
01-01-08-02-02-01-17.mp4,17,male,Surprised,7,2,2,1,True
01-01-08-02-02-02-17.mp4,17,male,Surprised,7,2,2,2,True
01-01-01-01-01-01-18.mp4,18,female,Neutral,0,1,1,1,True
01-01-01-01-01-02-18.mp4,18,female,Neutral,0,1,1,2,True
01-01-01-01-02-01-18.mp4,18,female,Neutral,0,1,2,1,True
01-01-01-01-02-02-18.mp4,18,female,Neutral,0,1,2,2,True
01-01-02-01-01-01-18.mp4,18,female,Calm,1,1,1,1,True
01-01-02-01-01-02-18.mp4,18,female,Calm,1,1,1,2,True
01-01-02-01-02-01-18.mp4,18,female,Calm,1,1,2,1,True
01-01-02-01-02-02-18.mp4,18,female,Calm,1,1,2,2,True
01-01-02-02-01-01-18.mp4,18,female,Calm,1,2,1,1,True
01-01-02-02-01-02-18.mp4,18,female,Calm,1,2,1,2,True
01-01-02-02-02-01-18.mp4,18,female,Calm,1,2,2,1,True
01-01-02-02-02-02-18.mp4,18,female,Calm,1,2,2,2,True
01-01-03-01-01-01-18.mp4,18,female,Happy,2,1,1,1,True
01-01-03-01-01-02-18.mp4,18,female,Happy,2,1,1,2,True
01-01-03-01-02-01-18.mp4,18,female,Happy,2,1,2,1,True
01-01-03-01-02-02-18.mp4,18,female,Happy,2,1,2,2,True
01-01-03-02-01-01-18.mp4,18,female,Happy,2,2,1,1,True
01-01-03-02-01-02-18.mp4,18,female,Happy,2,2,1,2,True
01-01-03-02-02-01-18.mp4,18,female,Happy,2,2,2,1,True
01-01-03-02-02-02-18.mp4,18,female,Happy,2,2,2,2,True
01-01-04-01-01-01-18.mp4,18,female,Sad,3,1,1,1,True
01-01-04-01-01-02-18.mp4,18,female,Sad,3,1,1,2,True
01-01-04-01-02-01-18.mp4,18,female,Sad,3,1,2,1,True
01-01-04-01-02-02-18.mp4,18,female,Sad,3,1,2,2,True
01-01-04-02-01-01-18.mp4,18,female,Sad,3,2,1,1,True
01-01-04-02-01-02-18.mp4,18,female,Sad,3,2,1,2,True
01-01-04-02-02-01-18.mp4,18,female,Sad,3,2,2,1,True
01-01-04-02-02-02-18.mp4,18,female,Sad,3,2,2,2,True
01-01-05-01-01-01-18.mp4,18,female,Angry,4,1,1,1,True
01-01-05-01-01-02-18.mp4,18,female,Angry,4,1,1,2,True
01-01-05-01-02-01-18.mp4,18,female,Angry,4,1,2,1,True
01-01-05-01-02-02-18.mp4,18,female,Angry,4,1,2,2,True
01-01-05-02-01-01-18.mp4,18,female,Angry,4,2,1,1,True
01-01-05-02-01-02-18.mp4,18,female,Angry,4,2,1,2,True
01-01-05-02-02-01-18.mp4,18,female,Angry,4,2,2,1,True
01-01-05-02-02-02-18.mp4,18,female,Angry,4,2,2,2,True
01-01-06-01-01-01-18.mp4,18,female,Fearful,5,1,1,1,True
01-01-06-01-01-02-18.mp4,18,female,Fearful,5,1,1,2,True
01-01-06-01-02-01-18.mp4,18,female,Fearful,5,1,2,1,True
01-01-06-01-02-02-18.mp4,18,female,Fearful,5,1,2,2,True
01-01-06-02-01-01-18.mp4,18,female,Fearful,5,2,1,1,True
01-01-06-02-01-02-18.mp4,18,female,Fearful,5,2,1,2,True
01-01-06-02-02-01-18.mp4,18,female,Fearful,5,2,2,1,True
01-01-06-02-02-02-18.mp4,18,female,Fearful,5,2,2,2,True
01-01-07-01-01-01-18.mp4,18,female,Disgust,6,1,1,1,True
01-01-07-01-01-02-18.mp4,18,female,Disgust,6,1,1,2,True
01-01-07-01-02-01-18.mp4,18,female,Disgust,6,1,2,1,True
01-01-07-01-02-02-18.mp4,18,female,Disgust,6,1,2,2,True
01-01-07-02-01-01-18.mp4,18,female,Disgust,6,2,1,1,True
01-01-07-02-01-02-18.mp4,18,female,Disgust,6,2,1,2,True
01-01-07-02-02-01-18.mp4,18,female,Disgust,6,2,2,1,True
01-01-07-02-02-02-18.mp4,18,female,Disgust,6,2,2,2,True
01-01-08-01-01-01-18.mp4,18,female,Surprised,7,1,1,1,True
01-01-08-01-01-02-18.mp4,18,female,Surprised,7,1,1,2,True
01-01-08-01-02-01-18.mp4,18,female,Surprised,7,1,2,1,True
01-01-08-01-02-02-18.mp4,18,female,Surprised,7,1,2,2,True
01-01-08-02-01-01-18.mp4,18,female,Surprised,7,2,1,1,True
01-01-08-02-01-02-18.mp4,18,female,Surprised,7,2,1,2,True
01-01-08-02-02-01-18.mp4,18,female,Surprised,7,2,2,1,True
01-01-08-02-02-02-18.mp4,18,female,Surprised,7,2,2,2,True
01-01-01-01-01-01-19.mp4,19,male,Neutral,0,1,1,1,True
01-01-01-01-01-02-19.mp4,19,male,Neutral,0,1,1,2,True
01-01-01-01-02-01-19.mp4,19,male,Neutral,0,1,2,1,True
01-01-01-01-02-02-19.mp4,19,male,Neutral,0,1,2,2,True
01-01-02-01-01-01-19.mp4,19,male,Calm,1,1,1,1,True
01-01-02-01-01-02-19.mp4,19,male,Calm,1,1,1,2,True
01-01-02-01-02-01-19.mp4,19,male,Calm,1,1,2,1,True
01-01-02-01-02-02-19.mp4,19,male,Calm,1,1,2,2,True
01-01-02-02-01-01-19.mp4,19,male,Calm,1,2,1,1,True
01-01-02-02-01-02-19.mp4,19,male,Calm,1,2,1,2,True
01-01-02-02-02-01-19.mp4,19,male,Calm,1,2,2,1,True
01-01-02-02-02-02-19.mp4,19,male,Calm,1,2,2,2,True
01-01-03-01-01-01-19.mp4,19,male,Happy,2,1,1,1,True
01-01-03-01-01-02-19.mp4,19,male,Happy,2,1,1,2,True
01-01-03-01-02-01-19.mp4,19,male,Happy,2,1,2,1,True
01-01-03-01-02-02-19.mp4,19,male,Happy,2,1,2,2,True
01-01-03-02-01-01-19.mp4,19,male,Happy,2,2,1,1,True
01-01-03-02-01-02-19.mp4,19,male,Happy,2,2,1,2,True
01-01-03-02-02-01-19.mp4,19,male,Happy,2,2,2,1,True
01-01-03-02-02-02-19.mp4,19,male,Happy,2,2,2,2,True
01-01-04-01-01-01-19.mp4,19,male,Sad,3,1,1,1,True
01-01-04-01-01-02-19.mp4,19,male,Sad,3,1,1,2,True
01-01-04-01-02-01-19.mp4,19,male,Sad,3,1,2,1,True
01-01-04-01-02-02-19.mp4,19,male,Sad,3,1,2,2,True
01-01-04-02-01-01-19.mp4,19,male,Sad,3,2,1,1,True
01-01-04-02-01-02-19.mp4,19,male,Sad,3,2,1,2,True
01-01-04-02-02-01-19.mp4,19,male,Sad,3,2,2,1,True
01-01-04-02-02-02-19.mp4,19,male,Sad,3,2,2,2,True
01-01-05-01-01-01-19.mp4,19,male,Angry,4,1,1,1,True
01-01-05-01-01-02-19.mp4,19,male,Angry,4,1,1,2,True
01-01-05-01-02-01-19.mp4,19,male,Angry,4,1,2,1,True
01-01-05-01-02-02-19.mp4,19,male,Angry,4,1,2,2,True
01-01-05-02-01-01-19.mp4,19,male,Angry,4,2,1,1,True
01-01-05-02-01-02-19.mp4,19,male,Angry,4,2,1,2,True
01-01-05-02-02-01-19.mp4,19,male,Angry,4,2,2,1,True
01-01-05-02-02-02-19.mp4,19,male,Angry,4,2,2,2,True
01-01-06-01-01-01-19.mp4,19,male,Fearful,5,1,1,1,True
01-01-06-01-01-02-19.mp4,19,male,Fearful,5,1,1,2,True
01-01-06-01-02-01-19.mp4,19,male,Fearful,5,1,2,1,True
01-01-06-01-02-02-19.mp4,19,male,Fearful,5,1,2,2,True
01-01-06-02-01-01-19.mp4,19,male,Fearful,5,2,1,1,True
01-01-06-02-01-02-19.mp4,19,male,Fearful,5,2,1,2,True
01-01-06-02-02-01-19.mp4,19,male,Fearful,5,2,2,1,True
01-01-06-02-02-02-19.mp4,19,male,Fearful,5,2,2,2,True
01-01-07-01-01-01-19.mp4,19,male,Disgust,6,1,1,1,True
01-01-07-01-01-02-19.mp4,19,male,Disgust,6,1,1,2,True
01-01-07-01-02-01-19.mp4,19,male,Disgust,6,1,2,1,True
01-01-07-01-02-02-19.mp4,19,male,Disgust,6,1,2,2,True
01-01-07-02-01-01-19.mp4,19,male,Disgust,6,2,1,1,True
01-01-07-02-01-02-19.mp4,19,male,Disgust,6,2,1,2,True
01-01-07-02-02-01-19.mp4,19,male,Disgust,6,2,2,1,True
01-01-07-02-02-02-19.mp4,19,male,Disgust,6,2,2,2,True
01-01-08-01-01-01-19.mp4,19,male,Surprised,7,1,1,1,True
01-01-08-01-01-02-19.mp4,19,male,Surprised,7,1,1,2,True
01-01-08-01-02-01-19.mp4,19,male,Surprised,7,1,2,1,True
01-01-08-01-02-02-19.mp4,19,male,Surprised,7,1,2,2,True
01-01-08-02-01-01-19.mp4,19,male,Surprised,7,2,1,1,True
01-01-08-02-01-02-19.mp4,19,male,Surprised,7,2,1,2,True
01-01-08-02-02-01-19.mp4,19,male,Surprised,7,2,2,1,True
01-01-08-02-02-02-19.mp4,19,male,Surprised,7,2,2,2,True
01-01-01-01-01-01-20.mp4,20,female,Neutral,0,1,1,1,True
01-01-01-01-01-02-20.mp4,20,female,Neutral,0,1,1,2,True
01-01-01-01-02-01-20.mp4,20,female,Neutral,0,1,2,1,True
01-01-01-01-02-02-20.mp4,20,female,Neutral,0,1,2,2,True
01-01-02-01-01-01-20.mp4,20,female,Calm,1,1,1,1,True
01-01-02-01-01-02-20.mp4,20,female,Calm,1,1,1,2,True
01-01-02-01-02-01-20.mp4,20,female,Calm,1,1,2,1,True
01-01-02-01-02-02-20.mp4,20,female,Calm,1,1,2,2,True
01-01-02-02-01-01-20.mp4,20,female,Calm,1,2,1,1,True
01-01-02-02-01-02-20.mp4,20,female,Calm,1,2,1,2,True
01-01-02-02-02-01-20.mp4,20,female,Calm,1,2,2,1,True
01-01-02-02-02-02-20.mp4,20,female,Calm,1,2,2,2,True
01-01-03-01-01-01-20.mp4,20,female,Happy,2,1,1,1,True
01-01-03-01-01-02-20.mp4,20,female,Happy,2,1,1,2,True
01-01-03-01-02-01-20.mp4,20,female,Happy,2,1,2,1,True
01-01-03-01-02-02-20.mp4,20,female,Happy,2,1,2,2,True
01-01-03-02-01-01-20.mp4,20,female,Happy,2,2,1,1,True
01-01-03-02-01-02-20.mp4,20,female,Happy,2,2,1,2,True
01-01-03-02-02-01-20.mp4,20,female,Happy,2,2,2,1,True
01-01-03-02-02-02-20.mp4,20,female,Happy,2,2,2,2,True
01-01-04-01-01-01-20.mp4,20,female,Sad,3,1,1,1,True
01-01-04-01-01-02-20.mp4,20,female,Sad,3,1,1,2,True
01-01-04-01-02-01-20.mp4,20,female,Sad,3,1,2,1,True
01-01-04-01-02-02-20.mp4,20,female,Sad,3,1,2,2,True
01-01-04-02-01-01-20.mp4,20,female,Sad,3,2,1,1,True
01-01-04-02-01-02-20.mp4,20,female,Sad,3,2,1,2,True
01-01-04-02-02-01-20.mp4,20,female,Sad,3,2,2,1,True
01-01-04-02-02-02-20.mp4,20,female,Sad,3,2,2,2,True
01-01-05-01-01-01-20.mp4,20,female,Angry,4,1,1,1,True
01-01-05-01-01-02-20.mp4,20,female,Angry,4,1,1,2,True
01-01-05-01-02-01-20.mp4,20,female,Angry,4,1,2,1,True
01-01-05-01-02-02-20.mp4,20,female,Angry,4,1,2,2,True
01-01-05-02-01-01-20.mp4,20,female,Angry,4,2,1,1,True
01-01-05-02-01-02-20.mp4,20,female,Angry,4,2,1,2,True
01-01-05-02-02-01-20.mp4,20,female,Angry,4,2,2,1,True
01-01-05-02-02-02-20.mp4,20,female,Angry,4,2,2,2,True
01-01-06-01-01-01-20.mp4,20,female,Fearful,5,1,1,1,True
01-01-06-01-01-02-20.mp4,20,female,Fearful,5,1,1,2,True
01-01-06-01-02-01-20.mp4,20,female,Fearful,5,1,2,1,True
01-01-06-01-02-02-20.mp4,20,female,Fearful,5,1,2,2,True
01-01-06-02-01-01-20.mp4,20,female,Fearful,5,2,1,1,True
01-01-06-02-01-02-20.mp4,20,female,Fearful,5,2,1,2,True
01-01-06-02-02-01-20.mp4,20,female,Fearful,5,2,2,1,True
01-01-06-02-02-02-20.mp4,20,female,Fearful,5,2,2,2,True
01-01-07-01-01-01-20.mp4,20,female,Disgust,6,1,1,1,True
01-01-07-01-01-02-20.mp4,20,female,Disgust,6,1,1,2,True
01-01-07-01-02-01-20.mp4,20,female,Disgust,6,1,2,1,True
01-01-07-01-02-02-20.mp4,20,female,Disgust,6,1,2,2,True
01-01-07-02-01-01-20.mp4,20,female,Disgust,6,2,1,1,True
01-01-07-02-01-02-20.mp4,20,female,Disgust,6,2,1,2,True
01-01-07-02-02-01-20.mp4,20,female,Disgust,6,2,2,1,True
01-01-07-02-02-02-20.mp4,20,female,Disgust,6,2,2,2,True
01-01-08-01-01-01-20.mp4,20,female,Surprised,7,1,1,1,True
01-01-08-01-01-02-20.mp4,20,female,Surprised,7,1,1,2,True
01-01-08-01-02-01-20.mp4,20,female,Surprised,7,1,2,1,True
01-01-08-01-02-02-20.mp4,20,female,Surprised,7,1,2,2,True
01-01-08-02-01-01-20.mp4,20,female,Surprised,7,2,1,1,True
01-01-08-02-01-02-20.mp4,20,female,Surprised,7,2,1,2,True
01-01-08-02-02-01-20.mp4,20,female,Surprised,7,2,2,1,True
01-01-08-02-02-02-20.mp4,20,female,Surprised,7,2,2,2,True
01-01-01-01-01-01-21.mp4,21,male,Neutral,0,1,1,1,True
01-01-01-01-01-02-21.mp4,21,male,Neutral,0,1,1,2,True
01-01-01-01-02-01-21.mp4,21,male,Neutral,0,1,2,1,True
01-01-01-01-02-02-21.mp4,21,male,Neutral,0,1,2,2,True
01-01-02-01-01-01-21.mp4,21,male,Calm,1,1,1,1,True
01-01-02-01-01-02-21.mp4,21,male,Calm,1,1,1,2,True
01-01-02-01-02-01-21.mp4,21,male,Calm,1,1,2,1,True
01-01-02-01-02-02-21.mp4,21,male,Calm,1,1,2,2,True
01-01-02-02-01-01-21.mp4,21,male,Calm,1,2,1,1,True
01-01-02-02-01-02-21.mp4,21,male,Calm,1,2,1,2,True
01-01-02-02-02-01-21.mp4,21,male,Calm,1,2,2,1,True
01-01-02-02-02-02-21.mp4,21,male,Calm,1,2,2,2,True
01-01-03-01-01-01-21.mp4,21,male,Happy,2,1,1,1,True
01-01-03-01-01-02-21.mp4,21,male,Happy,2,1,1,2,True
01-01-03-01-02-01-21.mp4,21,male,Happy,2,1,2,1,True
01-01-03-01-02-02-21.mp4,21,male,Happy,2,1,2,2,True
01-01-03-02-01-01-21.mp4,21,male,Happy,2,2,1,1,True
01-01-03-02-01-02-21.mp4,21,male,Happy,2,2,1,2,True
01-01-03-02-02-01-21.mp4,21,male,Happy,2,2,2,1,True
01-01-03-02-02-02-21.mp4,21,male,Happy,2,2,2,2,True
01-01-04-01-01-01-21.mp4,21,male,Sad,3,1,1,1,True
01-01-04-01-01-02-21.mp4,21,male,Sad,3,1,1,2,True
01-01-04-01-02-01-21.mp4,21,male,Sad,3,1,2,1,True
01-01-04-01-02-02-21.mp4,21,male,Sad,3,1,2,2,True
01-01-04-02-01-01-21.mp4,21,male,Sad,3,2,1,1,True
01-01-04-02-01-02-21.mp4,21,male,Sad,3,2,1,2,True
01-01-04-02-02-01-21.mp4,21,male,Sad,3,2,2,1,True
01-01-04-02-02-02-21.mp4,21,male,Sad,3,2,2,2,True
01-01-05-01-01-01-21.mp4,21,male,Angry,4,1,1,1,True
01-01-05-01-01-02-21.mp4,21,male,Angry,4,1,1,2,True
01-01-05-01-02-01-21.mp4,21,male,Angry,4,1,2,1,True
01-01-05-01-02-02-21.mp4,21,male,Angry,4,1,2,2,True
01-01-05-02-01-01-21.mp4,21,male,Angry,4,2,1,1,True
01-01-05-02-01-02-21.mp4,21,male,Angry,4,2,1,2,True
01-01-05-02-02-01-21.mp4,21,male,Angry,4,2,2,1,True
01-01-05-02-02-02-21.mp4,21,male,Angry,4,2,2,2,True
01-01-06-01-01-01-21.mp4,21,male,Fearful,5,1,1,1,True
01-01-06-01-01-02-21.mp4,21,male,Fearful,5,1,1,2,True
01-01-06-01-02-01-21.mp4,21,male,Fearful,5,1,2,1,True
01-01-06-01-02-02-21.mp4,21,male,Fearful,5,1,2,2,True
01-01-06-02-01-01-21.mp4,21,male,Fearful,5,2,1,1,True
01-01-06-02-01-02-21.mp4,21,male,Fearful,5,2,1,2,True
01-01-06-02-02-01-21.mp4,21,male,Fearful,5,2,2,1,True
01-01-06-02-02-02-21.mp4,21,male,Fearful,5,2,2,2,True
01-01-07-01-01-01-21.mp4,21,male,Disgust,6,1,1,1,True
01-01-07-01-01-02-21.mp4,21,male,Disgust,6,1,1,2,True
01-01-07-01-02-01-21.mp4,21,male,Disgust,6,1,2,1,True
01-01-07-01-02-02-21.mp4,21,male,Disgust,6,1,2,2,True
01-01-07-02-01-01-21.mp4,21,male,Disgust,6,2,1,1,True
01-01-07-02-01-02-21.mp4,21,male,Disgust,6,2,1,2,True
01-01-07-02-02-01-21.mp4,21,male,Disgust,6,2,2,1,True
01-01-07-02-02-02-21.mp4,21,male,Disgust,6,2,2,2,True
01-01-08-01-01-01-21.mp4,21,male,Surprised,7,1,1,1,True
01-01-08-01-01-02-21.mp4,21,male,Surprised,7,1,1,2,True
01-01-08-01-02-01-21.mp4,21,male,Surprised,7,1,2,1,True
01-01-08-01-02-02-21.mp4,21,male,Surprised,7,1,2,2,True
01-01-08-02-01-01-21.mp4,21,male,Surprised,7,2,1,1,True
01-01-08-02-01-02-21.mp4,21,male,Surprised,7,2,1,2,True
01-01-08-02-02-01-21.mp4,21,male,Surprised,7,2,2,1,True
01-01-08-02-02-02-21.mp4,21,male,Surprised,7,2,2,2,True
01-01-01-01-01-01-22.mp4,22,female,Neutral,0,1,1,1,True
01-01-01-01-01-02-22.mp4,22,female,Neutral,0,1,1,2,True
01-01-01-01-02-01-22.mp4,22,female,Neutral,0,1,2,1,True
01-01-01-01-02-02-22.mp4,22,female,Neutral,0,1,2,2,True
01-01-02-01-01-01-22.mp4,22,female,Calm,1,1,1,1,True
01-01-02-01-01-02-22.mp4,22,female,Calm,1,1,1,2,True
01-01-02-01-02-01-22.mp4,22,female,Calm,1,1,2,1,True
01-01-02-01-02-02-22.mp4,22,female,Calm,1,1,2,2,True
01-01-02-02-01-01-22.mp4,22,female,Calm,1,2,1,1,True
01-01-02-02-01-02-22.mp4,22,female,Calm,1,2,1,2,True
01-01-02-02-02-01-22.mp4,22,female,Calm,1,2,2,1,True
01-01-02-02-02-02-22.mp4,22,female,Calm,1,2,2,2,True
01-01-03-01-01-01-22.mp4,22,female,Happy,2,1,1,1,True
01-01-03-01-01-02-22.mp4,22,female,Happy,2,1,1,2,True
01-01-03-01-02-01-22.mp4,22,female,Happy,2,1,2,1,True
01-01-03-01-02-02-22.mp4,22,female,Happy,2,1,2,2,True
01-01-03-02-01-01-22.mp4,22,female,Happy,2,2,1,1,True
01-01-03-02-01-02-22.mp4,22,female,Happy,2,2,1,2,True
01-01-03-02-02-01-22.mp4,22,female,Happy,2,2,2,1,True
01-01-03-02-02-02-22.mp4,22,female,Happy,2,2,2,2,True
01-01-04-01-01-01-22.mp4,22,female,Sad,3,1,1,1,True
01-01-04-01-01-02-22.mp4,22,female,Sad,3,1,1,2,True
01-01-04-01-02-01-22.mp4,22,female,Sad,3,1,2,1,True
01-01-04-01-02-02-22.mp4,22,female,Sad,3,1,2,2,True
01-01-04-02-01-01-22.mp4,22,female,Sad,3,2,1,1,True
01-01-04-02-01-02-22.mp4,22,female,Sad,3,2,1,2,True
01-01-04-02-02-01-22.mp4,22,female,Sad,3,2,2,1,True
01-01-04-02-02-02-22.mp4,22,female,Sad,3,2,2,2,True
01-01-05-01-01-01-22.mp4,22,female,Angry,4,1,1,1,True
01-01-05-01-01-02-22.mp4,22,female,Angry,4,1,1,2,True
01-01-05-01-02-01-22.mp4,22,female,Angry,4,1,2,1,True
01-01-05-01-02-02-22.mp4,22,female,Angry,4,1,2,2,True
01-01-05-02-01-01-22.mp4,22,female,Angry,4,2,1,1,True
01-01-05-02-01-02-22.mp4,22,female,Angry,4,2,1,2,True
01-01-05-02-02-01-22.mp4,22,female,Angry,4,2,2,1,True
01-01-05-02-02-02-22.mp4,22,female,Angry,4,2,2,2,True
01-01-06-01-01-01-22.mp4,22,female,Fearful,5,1,1,1,True
01-01-06-01-01-02-22.mp4,22,female,Fearful,5,1,1,2,True
01-01-06-01-02-01-22.mp4,22,female,Fearful,5,1,2,1,True
01-01-06-01-02-02-22.mp4,22,female,Fearful,5,1,2,2,True
01-01-06-02-01-01-22.mp4,22,female,Fearful,5,2,1,1,True
01-01-06-02-01-02-22.mp4,22,female,Fearful,5,2,1,2,True
01-01-06-02-02-01-22.mp4,22,female,Fearful,5,2,2,1,True
01-01-06-02-02-02-22.mp4,22,female,Fearful,5,2,2,2,True
01-01-07-01-01-01-22.mp4,22,female,Disgust,6,1,1,1,True
01-01-07-01-01-02-22.mp4,22,female,Disgust,6,1,1,2,True
01-01-07-01-02-01-22.mp4,22,female,Disgust,6,1,2,1,True
01-01-07-01-02-02-22.mp4,22,female,Disgust,6,1,2,2,True
01-01-07-02-01-01-22.mp4,22,female,Disgust,6,2,1,1,True
01-01-07-02-01-02-22.mp4,22,female,Disgust,6,2,1,2,True
01-01-07-02-02-01-22.mp4,22,female,Disgust,6,2,2,1,True
01-01-07-02-02-02-22.mp4,22,female,Disgust,6,2,2,2,True
01-01-08-01-01-01-22.mp4,22,female,Surprised,7,1,1,1,True
01-01-08-01-01-02-22.mp4,22,female,Surprised,7,1,1,2,True
01-01-08-01-02-01-22.mp4,22,female,Surprised,7,1,2,1,True
01-01-08-01-02-02-22.mp4,22,female,Surprised,7,1,2,2,True
01-01-08-02-01-01-22.mp4,22,female,Surprised,7,2,1,1,True
01-01-08-02-01-02-22.mp4,22,female,Surprised,7,2,1,2,True
01-01-08-02-02-01-22.mp4,22,female,Surprised,7,2,2,1,True
01-01-08-02-02-02-22.mp4,22,female,Surprised,7,2,2,2,True
01-01-01-01-01-01-23.mp4,23,male,Neutral,0,1,1,1,True
01-01-01-01-01-02-23.mp4,23,male,Neutral,0,1,1,2,True
01-01-01-01-02-01-23.mp4,23,male,Neutral,0,1,2,1,True
01-01-01-01-02-02-23.mp4,23,male,Neutral,0,1,2,2,True
01-01-02-01-01-01-23.mp4,23,male,Calm,1,1,1,1,True
01-01-02-01-01-02-23.mp4,23,male,Calm,1,1,1,2,True
01-01-02-01-02-01-23.mp4,23,male,Calm,1,1,2,1,True
01-01-02-01-02-02-23.mp4,23,male,Calm,1,1,2,2,True
01-01-02-02-01-01-23.mp4,23,male,Calm,1,2,1,1,True
01-01-02-02-01-02-23.mp4,23,male,Calm,1,2,1,2,True
01-01-02-02-02-01-23.mp4,23,male,Calm,1,2,2,1,True
01-01-02-02-02-02-23.mp4,23,male,Calm,1,2,2,2,True
01-01-03-01-01-01-23.mp4,23,male,Happy,2,1,1,1,True
01-01-03-01-01-02-23.mp4,23,male,Happy,2,1,1,2,True
01-01-03-01-02-01-23.mp4,23,male,Happy,2,1,2,1,True
01-01-03-01-02-02-23.mp4,23,male,Happy,2,1,2,2,True
01-01-03-02-01-01-23.mp4,23,male,Happy,2,2,1,1,True
01-01-03-02-01-02-23.mp4,23,male,Happy,2,2,1,2,True
01-01-03-02-02-01-23.mp4,23,male,Happy,2,2,2,1,True
01-01-03-02-02-02-23.mp4,23,male,Happy,2,2,2,2,True
01-01-04-01-01-01-23.mp4,23,male,Sad,3,1,1,1,True
01-01-04-01-01-02-23.mp4,23,male,Sad,3,1,1,2,True
01-01-04-01-02-01-23.mp4,23,male,Sad,3,1,2,1,True
01-01-04-01-02-02-23.mp4,23,male,Sad,3,1,2,2,True
01-01-04-02-01-01-23.mp4,23,male,Sad,3,2,1,1,True
01-01-04-02-01-02-23.mp4,23,male,Sad,3,2,1,2,True
01-01-04-02-02-01-23.mp4,23,male,Sad,3,2,2,1,True
01-01-04-02-02-02-23.mp4,23,male,Sad,3,2,2,2,True
01-01-05-01-01-01-23.mp4,23,male,Angry,4,1,1,1,True
01-01-05-01-01-02-23.mp4,23,male,Angry,4,1,1,2,True
01-01-05-01-02-01-23.mp4,23,male,Angry,4,1,2,1,True
01-01-05-01-02-02-23.mp4,23,male,Angry,4,1,2,2,True
01-01-05-02-01-01-23.mp4,23,male,Angry,4,2,1,1,True
01-01-05-02-01-02-23.mp4,23,male,Angry,4,2,1,2,True
01-01-05-02-02-01-23.mp4,23,male,Angry,4,2,2,1,True
01-01-05-02-02-02-23.mp4,23,male,Angry,4,2,2,2,True
01-01-06-01-01-01-23.mp4,23,male,Fearful,5,1,1,1,True
01-01-06-01-01-02-23.mp4,23,male,Fearful,5,1,1,2,True
01-01-06-01-02-01-23.mp4,23,male,Fearful,5,1,2,1,True
01-01-06-01-02-02-23.mp4,23,male,Fearful,5,1,2,2,True
01-01-06-02-01-01-23.mp4,23,male,Fearful,5,2,1,1,True
01-01-06-02-01-02-23.mp4,23,male,Fearful,5,2,1,2,True
01-01-06-02-02-01-23.mp4,23,male,Fearful,5,2,2,1,True
01-01-06-02-02-02-23.mp4,23,male,Fearful,5,2,2,2,True
01-01-07-01-01-01-23.mp4,23,male,Disgust,6,1,1,1,True
01-01-07-01-01-02-23.mp4,23,male,Disgust,6,1,1,2,True
01-01-07-01-02-01-23.mp4,23,male,Disgust,6,1,2,1,True
01-01-07-01-02-02-23.mp4,23,male,Disgust,6,1,2,2,True
01-01-07-02-01-01-23.mp4,23,male,Disgust,6,2,1,1,True
01-01-07-02-01-02-23.mp4,23,male,Disgust,6,2,1,2,True
01-01-07-02-02-01-23.mp4,23,male,Disgust,6,2,2,1,True
01-01-07-02-02-02-23.mp4,23,male,Disgust,6,2,2,2,True
01-01-08-01-01-01-23.mp4,23,male,Surprised,7,1,1,1,True
01-01-08-01-01-02-23.mp4,23,male,Surprised,7,1,1,2,True
01-01-08-01-02-01-23.mp4,23,male,Surprised,7,1,2,1,True
01-01-08-01-02-02-23.mp4,23,male,Surprised,7,1,2,2,True
01-01-08-02-01-01-23.mp4,23,male,Surprised,7,2,1,1,True
01-01-08-02-01-02-23.mp4,23,male,Surprised,7,2,1,2,True
01-01-08-02-02-01-23.mp4,23,male,Surprised,7,2,2,1,True
01-01-08-02-02-02-23.mp4,23,male,Surprised,7,2,2,2,True
01-01-01-01-01-01-24.mp4,24,female,Neutral,0,1,1,1,True
01-01-01-01-01-02-24.mp4,24,female,Neutral,0,1,1,2,True
01-01-01-01-02-01-24.mp4,24,female,Neutral,0,1,2,1,True
01-01-01-01-02-02-24.mp4,24,female,Neutral,0,1,2,2,True
01-01-02-01-01-01-24.mp4,24,female,Calm,1,1,1,1,True
01-01-02-01-01-02-24.mp4,24,female,Calm,1,1,1,2,True
01-01-02-01-02-01-24.mp4,24,female,Calm,1,1,2,1,True
01-01-02-01-02-02-24.mp4,24,female,Calm,1,1,2,2,True
01-01-02-02-01-01-24.mp4,24,female,Calm,1,2,1,1,True
01-01-02-02-01-02-24.mp4,24,female,Calm,1,2,1,2,True
01-01-02-02-02-01-24.mp4,24,female,Calm,1,2,2,1,True
01-01-02-02-02-02-24.mp4,24,female,Calm,1,2,2,2,True
01-01-03-01-01-01-24.mp4,24,female,Happy,2,1,1,1,True
01-01-03-01-01-02-24.mp4,24,female,Happy,2,1,1,2,True
01-01-03-01-02-01-24.mp4,24,female,Happy,2,1,2,1,True
01-01-03-01-02-02-24.mp4,24,female,Happy,2,1,2,2,True
01-01-03-02-01-01-24.mp4,24,female,Happy,2,2,1,1,True
01-01-03-02-01-02-24.mp4,24,female,Happy,2,2,1,2,True
01-01-03-02-02-01-24.mp4,24,female,Happy,2,2,2,1,True
01-01-03-02-02-02-24.mp4,24,female,Happy,2,2,2,2,True
01-01-04-01-01-01-24.mp4,24,female,Sad,3,1,1,1,True
01-01-04-01-01-02-24.mp4,24,female,Sad,3,1,1,2,True
01-01-04-01-02-01-24.mp4,24,female,Sad,3,1,2,1,True
01-01-04-01-02-02-24.mp4,24,female,Sad,3,1,2,2,True
01-01-04-02-01-01-24.mp4,24,female,Sad,3,2,1,1,True
01-01-04-02-01-02-24.mp4,24,female,Sad,3,2,1,2,True
01-01-04-02-02-01-24.mp4,24,female,Sad,3,2,2,1,True
01-01-04-02-02-02-24.mp4,24,female,Sad,3,2,2,2,True
01-01-05-01-01-01-24.mp4,24,female,Angry,4,1,1,1,True
01-01-05-01-01-02-24.mp4,24,female,Angry,4,1,1,2,True
01-01-05-01-02-01-24.mp4,24,female,Angry,4,1,2,1,True
01-01-05-01-02-02-24.mp4,24,female,Angry,4,1,2,2,True
01-01-05-02-01-01-24.mp4,24,female,Angry,4,2,1,1,True
01-01-05-02-01-02-24.mp4,24,female,Angry,4,2,1,2,True
01-01-05-02-02-01-24.mp4,24,female,Angry,4,2,2,1,True
01-01-05-02-02-02-24.mp4,24,female,Angry,4,2,2,2,True
01-01-06-01-01-01-24.mp4,24,female,Fearful,5,1,1,1,True
01-01-06-01-01-02-24.mp4,24,female,Fearful,5,1,1,2,True
01-01-06-01-02-01-24.mp4,24,female,Fearful,5,1,2,1,True
01-01-06-01-02-02-24.mp4,24,female,Fearful,5,1,2,2,True
01-01-06-02-01-01-24.mp4,24,female,Fearful,5,2,1,1,True
01-01-06-02-01-02-24.mp4,24,female,Fearful,5,2,1,2,True
01-01-06-02-02-01-24.mp4,24,female,Fearful,5,2,2,1,True
01-01-06-02-02-02-24.mp4,24,female,Fearful,5,2,2,2,True
01-01-07-01-01-01-24.mp4,24,female,Disgust,6,1,1,1,True
01-01-07-01-01-02-24.mp4,24,female,Disgust,6,1,1,2,True
01-01-07-01-02-01-24.mp4,24,female,Disgust,6,1,2,1,True
01-01-07-01-02-02-24.mp4,24,female,Disgust,6,1,2,2,True
01-01-07-02-01-01-24.mp4,24,female,Disgust,6,2,1,1,True
01-01-07-02-01-02-24.mp4,24,female,Disgust,6,2,1,2,True
01-01-07-02-02-01-24.mp4,24,female,Disgust,6,2,2,1,True
01-01-07-02-02-02-24.mp4,24,female,Disgust,6,2,2,2,True
01-01-08-01-01-01-24.mp4,24,female,Surprised,7,1,1,1,True
01-01-08-01-01-02-24.mp4,24,female,Surprised,7,1,1,2,True
01-01-08-01-02-01-24.mp4,24,female,Surprised,7,1,2,1,True
01-01-08-01-02-02-24.mp4,24,female,Surprised,7,1,2,2,True
01-01-08-02-01-01-24.mp4,24,female,Surprised,7,2,1,1,True
01-01-08-02-01-02-24.mp4,24,female,Surprised,7,2,1,2,True
01-01-08-02-02-01-24.mp4,24,female,Surprised,7,2,2,1,True
01-01-08-02-02-02-24.mp4,24,female,Surprised,7,2,2,2,True
